frame,source_index,time_s,qpos_J1_m,qpos_J2_m,qpos_J3_m,qpos_J4_rad,qpos_J5_rad,qpos_J6_rad,qvel_J1_ms,qvel_J2_ms,qvel_J3_ms,qvel_J4_rads,qvel_J5_rads,qvel_J6_rads,qacc_J1_ms2,qacc_J2_ms2,qacc_J3_ms2,qacc_J4_rads2,qacc_J5_rads2,qacc_J6_rads2
0,0,0.000000,0,0,0,0,0,0,0,0,0,0,0,0,0,0,0,0,0,0
1,2,0.033333,-1.57518318179e-09,-1.40250774784e-09,-3.92513279525e-10,2.97795445467e-10,2.7175430389e-09,-1.01279250353e-10,-1.87947945614e-07,-1.68874753505e-07,-4.74505217053e-08,3.44820720439e-08,3.26897225927e-07,-1.43696995067e-08,-1.6763522173e-05,-1.52957234805e-05,-4.32693551765e-06,2.92366432974e-06,2.95552365118e-05,-1.61898224655e-06
2,4,0.066667,-2.47102898547e-08,-2.28458369082e-08,-6.50396362143e-09,4.16466666995e-09,4.40479813552e-08,-2.75062781093e-09,-1.46282759346e-06,-1.37907985699e-06,-3.96147676142e-07,2.3262093238e-07,2.65111204736e-06,-1.96625139207e-07,-6.42700805537e-05,-6.26567959853e-05,-1.82794703719e-05,9.2569820539e-06,0.000119788497846,-1.10972558563e-05
3,6,0.100000,-1.21751864211e-07,-1.17185931303e-07,-3.40101672213e-08,1.84268991365e-08,2.24404091257e-07,-1.89597829412e-08,-4.74959913927e-06,-4.71740142466e-06,-1.38983303584e-06,6.61956189742e-07,8.98193975924e-06,-8.97200395442e-07,-0.000135927372386,-0.000142688112092,-4.31605027141e-05,1.64758541251e-05,0.000268766531868,-3.32098307241e-05
4,8,0.133333,-3.71711346283e-07,-3.73494416916e-07,-1.10748701608e-07,5.10338775045e-08,7.09188724296e-07,-7.35355677886e-08,-1.07050395155e-05,-1.1254058042e-05,-3.41196141968e-06,1.3303479437e-06,2.11730725622e-05,-2.57465773715e-06,-0.000222361260234,-0.000253783265093,-8.00405753012e-05,2.35153527823e-05,0.000469182761375,-6.96210496494e-05
5,10,0.166667,-8.69873554072e-07,-9.15267236034e-07,-2.77909422571e-07,1.09859995533e-07,1.72070216636e-06,-2.06923885308e-07,-1.96351857201e-05,-2.19685025536e-05,-6.8774097202e-06,2.2329193631e-06,4.07522206397e-05,-5.68919937731e-06,-0.000312049419969,-0.000392119055608,-0.000129726137758,3.06528590161e-05,0.000708925413412,-0.000118761034802
6,12,0.200000,-1.7150174371e-06,-1.89617098853e-06,-5.90930687601e-07,2.02997500594e-07,3.52470639181e-06,-4.73466630423e-07,-3.14352929369e-05,-3.76766699445e-05,-1.22231473509e-05,3.39409172903e-06,6.87722678052e-05,-1.0595396763e-05,-0.000392031593254,-0.000551747171007,-0.000192729151136,3.93320407127e-05,0.00097179452415,-0.000175900994486
7,14,0.233333,-2.99503822909e-06,-3.49342881037e-06,-1.12006744478e-06,3.40344712276e-07,6.41244276757e-06,-9.36154405432e-07,-4.55543863095e-05,-5.89628562363e-05,-1.9897920654e-05,4.9028532061e-06,0.000105688439892,-1.74406032281e-05,-0.000448667652116,-0.000724778992162,-0.000269238512955,5.19349039345e-05,0.00123833794524,-0.000233415915617
8,16,0.266667,-4.7718134094e-06,-5.89905118102e-06,-1.95059939023e-06,5.36236295521e-07,1.06790322648e-05,-1.65816626631e-06,-6.09855178745e-05,-8.61192313081e-05,-3.03510222608e-05,6.93966810507e-06,0.000151264934878,-2.60750304282e-05,-0.000468414464072,-0.000901656699069,-0.000359093939159,7.15105501826e-05,0.00148677472483,-0.000281217152675
9,18,0.300000,-7.06617589846e-06,-9.3092130204e-06,-3.18265014937e-06,8.12814111137e-07,1.65992845624e-05,-2.69167664153e-06,-7.62818793686e-05,-0.000119095716971,-4.40202400322e-05,9.79374168385e-06,0.000204513390713,-3.59787947021e-05,-0.000438593151673,-0.00107150127704,-0.000461763078664,0.00010147043043,0.0016939733599,-0.000307332146716
10,20,0.333333,-9.84384733261e-06,-1.39121639534e-05,-4.93059205132e-06,1.20379989932e-06,2.44020035952e-05,-4.06457317762e-06,-8.95979941165e-05,-0.000157462608699,-6.13191080817e-05,1.38696980915e-05,0.000263664478876,-4.62104029957e-05,-0.000348119718429,-0.00122252573314,-0.000576322749543,0.000145260778255,0.00183645239805,-0.00029860408461
11,22,0.366667,-1.30031436171e-05,-1.98751311358e-05,-7.32201566864e-06,1.75830566692e-06,3.42439020935e-05,-5.76586265477e-06,-9.87543416803e-05,-0.000200387895405,-8.26236135217e-05,1.96830966822e-05,0.000326172837041,-5.53801793465e-05,-0.000188174095371,-0.00134249987342,-0.000701445267322,0.000206023511863,0.00189137166964,-0.000241480830858
12,24,0.400000,-1.63651965578e-05,-2.73307313701e-05,-1.04962489751e-05,2.54430482318e-06,4.61842273577e-05,-7.73064140944e-06,-0.000101322979572,-0.00024663074839,-0.00010825854583,2.78445949265e-05,0.000388754519309,-6.16510648998e-05,4.72146337683e-05,-0.00141925141155,-0.000835390880465,0.000286257207129,0.00183748400219,-0.000122859997439
13,26,0.433333,-1.96673422267e-05,-3.63634496331e-05,-1.46024177836e-05,3.65138718887e-06,6.01611566691e-05,-9.82556915329e-06,-9.47310363022e-05,-0.000294552121531,-0.000138483709812,3.9032954577e-05,0.000447455171903,-6.27680914894e-05,0.000360685840201,-0.00144118701668,-0.000976007332129,0.00038748975668,0.00165601953832,6.90444003237e-05
14,28,0.466667,-2.25602124153e-05,-4.69967633015e-05,-1.97970470663e-05,5.19243400536e-06,7.59709458737e-05,-1.18358091094e-05,-7.63783752229e-05,-0.000342142844122,-0.000173480256626,5.39574716354e-05,0.000497746258013,-5.61166662578e-05,0.000751183148552,-0.00139781618814,-0.00112073752828,0.000509974045881,0.00133147766585,0.00034384861054
15,30,0.500000,-2.46089341376e-05,-5.91814944871e-05,-2.62412117901e-05,7.30387467664e-06,9.32507119927e-05,-1.34543825984e-05,-4.3765281352e-05,-0.000387069010824,-0.000213337418805,7.33107802224e-05,0.000534645876633,-3.88086478624e-05,0.00121371981811,-0.00128026058496,-0.00126663620915,0.000652417404368,0.000852304979462,0.000708193353933
16,32,0.533333,-2.5298698069e-05,-7.27859566962e-05,-3.40972559239e-05,1.01442245525e-05,0.000111465604019,-1.42748333635e-05,5.37428788904e-06,-0.000426733895261,-0.00025803996316,9.77133262983e-05,0.000552860062684,-7.79407781057e-06,0.00173928093424,-0.00108173164285,-0.0014103963943,0.00081175474682,0.000211441528392,0.00116501810163
17,34,0.566667,-2.40448046846e-05,-8.7588426739e-05,-4.3525109156e-05,1.38906516649e-05,0.000129900969603,-1.37880079053e-05,7.29385175462e-05,-0.00045835505042,-0.000307456698451,0.000127651120552,0.000546939931761,4.0004614097e-05,0.00231486538951,-0.000797959975542,-0.00154838620259,0.000982974220175,-0.000593278245443,0.00171294531437
18,36,0.600000,-2.02071414105e-05,-0.000103272419162,-5.46782424057e-05,1.8733378742e-05,0.000147659963751,-1.13836358364e-05,0.000160327273964,-0.000479054725278,-0.000361330391451,0.000163408652696,0.000511449651232,0.000107540053352,0.00292366641549,-0.000427561164006,-0.00167669644075,0.00115900285311,-0.00155887911812,0.00234580104953
19,38,0.633333,-1.31088900219e-05,-0.000119425169704,-6.76993151966e-05,2.48677935762e-05,0.000163666873766,-6.3572426293e-06,0.000268319915925,-0.000485961237316,-0.000419269454177,0.000204999074884,0.000441139985063,0.000197473949421,0.00354538534691,2.76759398656e-05,-0.00179119911182,0.00133065818865,-0.00267715803263,0.0030522941092
20,40,0.666667,-2.05911534911e-06,-0.000135539648071,-8.27155801073e-05,3.24842142245e-05,0.000176676257441,2.07724915772e-06,0.000396965683966,-0.000476318508123,-0.000480741765704,0.00025209393412,0.0003311220741,0.000312003306396,0.00415666946078,0.000562590366155,-0.00188761672342,0.00148667020783,-0.00393475674118,0.00381587104528
21,42,0.700000,1.36212516441e-05,-0.000151020320799,-9.98341215262e-05,4.17553337175e-05,0.000185287813909,1.47690696479e-05,0.000545490608438,-0.000447600606068,-0.000545070983057,0.000303954847718,0.000177036174117,0.000452684902574,0.00473166122783,0.00116854937056,-0.00196160198172,0.00161377605988,-0.00531339018342,0.00461475899255
22,44,0.733333,3.45706472631e-05,-0.000165192774642,-0.000119137017491,5.28214499441e-05,0.000187966733268,3.26063507417e-05,0.000712224401234,-0.000397627856363,-0.000611435676772,0.000359369568796,-2.47897248402e-05,0.000620264431412,0.00524264322526,0.00183345518436,-0.00200882714796,0.001696888244,-0.00679022255195,0.00542220261324
23,46,0.766667,6.13560422227e-05,-0.000177317192535,-0.000140676524127,6.5773668088e-05,0.000183069106866,5.64863387317e-05,0.000894550225323,-0.000324680883129,-0.000678871597282,0.000416594878528,-0.00027719614151,0.000814516808329,0.00566076035672,0.00254186264541,-0.00202508201826,0.00171933498144,-0.00833837921801,0.00620689556028
24,48,0.800000,9.44408457733e-05,-0.000186605550849,-0.000164470391802,8.06353432942e-05,0.00016887182893,8.72805509278e-05,0.00108887958744,-0.00022760884672,-0.000746277338284,0.000473308668016,-0.000582067499968,0.0010341040626,0.00595679896498,0.00327520928648,-0.00200637917252,0.00166316961869,-0.0099275793064,0.00693360095494
25,50,0.833333,0.000134152413351,-0.000192242281565,-0.000190497430155,9.73421080314e-05,0.000143606286028,0.000125795566969,0.00129065389131,-0.000105928136668,-0.000812423612967,0.000526573436099,-0.00094023041277,0.00127645695255,0.00610200094589,0.00401215646891,-0.00194906483398,0.00150954405483,-0.0115248707895,0.00756394958286
26,52,0.866667,0.000180650063227,-0.00019340801947,-0.000218693445433,0.000115720899825,0.00010549501677,0.000172730343103,0.00149437344168,4.00921220027e-05,-0.000875966298717,0.000572813232642,-0.00135137793691,0.00153768597205,0.00606889010481,0.00472903714263,-0.0018499333955,0.00123913943169,-0.0130954475731,0.00805739899009
27,54,0.900000,0.000233894521262,-0.000189305935892,-0.00024894767759,0.000135468468729,5.27904329236e-05,0.000228631116616,0.00169365392365,0.000209361194213,-0.000935463336652,0.000607805823585,-0.00181402217123,0.00181252676788,0.0058320877497,0.00540040285827,-0.00170634341103,0.000832645703266,-0.0146035262161,0.00837233154886
28,56,0.933333,0.000293619700892,-0.000179190050086,-0.000281099866233,0.000156129898252,-1.61853732582e-05,0.000293845122104,0.0018813096182,0.000399917643202,-0.000989395495026,0.000626691549354,-0.00232547679514,0.00209432417766,0.00536909488358,0.00599965982458,-0.00151633262933,0.000271280248273,-0.0160132586905,0.00846726499302
29,58,0.966667,0.000359307688356,-0.000162394810403,-0.000314938073432,0.00017707771687,-0.000103000750795,0.000368474466282,0.00204946187332,0.000608902787479,-0.00103619092151,0.000623999998339,-0.00288187034849,0.00237505814553,0.00466101932271,0.00649978116157,-0.00127872946876,-0.000462665559624,-0.017289656965,0.00830214501087
30,60,1.000000,0.000430167741873,-0.000138365152582,-0.000350197387397,0.00019749220834,-0.000209075569336,0.000452331599229,0.00218967065056,0.000832559002296,-0.00107425332025,0.000593695229343,-0.00347819024228,0.00264541370292,0.00369322759284,0.00687408011118,-0.000993258204812,-0.0013852639273,-0.0183995051848,0.00783968633009
31,62,1.033333,0.000505120029865,-0.000106686174826,-0.00038655962403,0.000216343546599,-0.000335644270821,0.000544897873804,0.00229308632676,0.0010662546172,-0.00110199349723,0.000529239859353,-0.00410835668863,0.00289489603951,0.00245590349591,0.00709702689204,-0.000660635070619,-0.00251038522784,-0.0193122358039,0.0070467264164
32,64,1.066667,0.000582784729447,-6.71115207391e-05,-0.000423654133239,0.000232376384372,-0.000483721868101,0.000645286698897,0.00235061836669,0.00130453655354,-0.00111786392335,0.000423677894501,-0.00476532496751,0.00311199046585,0.000944497735619,0.00714509017358,-0.000282652460498,-0.00384914294737,-0.0200007471919,0.00589555449566
33,66,1.100000,0.000661476985279,-1.95895339544e-05,-0.000461059803615,0.000244097512995,-0.00065407380006,0.000752212764635,0.00235311700802,0.0015412111875,-0.0011203958721,0.000269735732251,-0.00544121372321,0.00328436581312,-0.000839944126385,0.00699758284388,0.000137751519359,-0.00540936254193,-0.0204421419248,0.00436517813962
34,68,1.133333,0.000739208093487,3.57137564829e-05,-0.00049830834277,0.000249767184342,-0.000847190464582,0.000863968748086,0.00229156372805,0.0017694532304,-0.00110823859771,5.99403111927e-05,-0.00612745632534,0.00339911856053,-0.00289058491927,0.00663749088971,0.000596440788765,-0.00719508765634,-0.0206183671495,0.00244249014375
35,70,1.166667,0.000813693129439,9.83957420153e-05,-0.000534888891369,0.000247394644118,-0.00106326714176,0.000978410797004,0.0021572659992,0.00198194170247,-0.00108019993545,-0.000213247058514,-0.00681497174923,0.00344305375777,-0.00519473643314,0.0060522638228,0.00108804876874,-0.00920613676308,-0.0205167410075,0.000123299868682
36,72,1.200000,0.000882365085391,0.000167803310949,-0.000570254006918,0.000234738369641,-0.00130218989302,0.00109295393826,0.00194205169578,0.00217102135705,-0.00103528762738,-0.00055728307641,-0.00749435094488,0.00340299765056,-0.00773393986961,0.00523454519072,0.00160596779021,-0.0114377225948,-0.0201303520567,-0.00258680441372
37,74,1.233333,0.000942395428404,0.000243024707758,-0.000603827028928,0.000209311435312,-0.00156352788048,0.0012045783695,0.0016384584889,0.00232888720412,-0.000972750608847,-0.000979383334842,-0.00815605428047,0.00326613585224,-0.0104841851263,0.00418282230858,0.00214236231673,-0.013880145779,-0.0194583218582,-0.00567179238175
38,76,1.266667,0.000990720834507,0.000322887897809,-0.000635010810586,0.000168392346371,-0.00184653239876,0.00130984737091,0.00123991366119,0.00244778910195,-0.000892119434488,-0.00148635435517,-0.00879061537503,0.00302036996103,-0.0134162643053,0.00290197543613,0.00268820748741,-0.0165185728548,-0.0185059243253,-0.00910475388871
39,78,1.300000,0.00102407570575,0.000405966048055,-0.000663197773855,0.000109041587605,-0.00215014275199,0.00140493732314,0.000740899984704,0.00252025275064,-0.000793244978942,-0.00208441974434,-0.00938884647986,0.00265468472711,-0.0164962514036,0.00140370818652,0.00323335405815,-0.0193329073847,-0.0172845589663,-0.0128477079314
40,80,1.333333,0.00103902993641,0.00049059060202,-0.000687781215557,2.81240300363e-05,-0.00247299894622,0.00148568004277,0.000137103628373,0.00253931284518,-0.000676334519428,-0.00277904370247,-0.00994204053234,0.0021595172485,-0.0196860969226,-0.000293157034758,0.00376662034534,-0.0222977611897,-0.0158115787292,-0.0168516743507
41,82,1.366667,0.00103203126684,0.000574872277141,-0.000708167761922,-7.76627728195e-05,-0.00281346100577,0.00154761735466,-0.000574459512889,0.00249875364429,-0.000541984295626,-0.00357475531616,-0.0104421650881,0.00152711923754,-0.0229443232112,-0.00216253233737,0.00427591126368,-0.0253825308743,-0.0141099766644,-0.0210570183649
42,84,1.400000,0.000999451451239,0.00065673014701,-0.00072379083894,-0.000211754484728,-0.00316963456487,0.00158606751645,-0.00139534215776,0.00239335179701,-0.00039120764815,-0.00447497721139,-0.0108820435356,0.000751903166659,-0.026226803793,-0.00417107738104,0.00474836400846,-0.0285515827981,-0.0122079390018,-0.025394071783
43,86,1.433333,0.000937635372375,0.000733928793227,-0.000734124996203,-0.000377680288857,-0.00353940223736,0.00159620280314,-0.00232559114094,0.00221911595339,-0.000225457861286,-0.00548186221045,-0.0112555193032,-0.000169236919298,-0.0294876077915,-0.00627838000691,0.00517051937314,-0.0317645475344,-0.0101382754027,-0.0297840282688
44,88,1.466667,0.000842952163747,0.00080412332508,-0.000738700893393,-0.000579017920405,-0.00392046013051,0.00157313725449,-0.00336370191275,0.00197351747875,-4.66448787879e-05,-0.00659614163556,-0.0115575991793,-0.00123663893892,-0.0326798889045,-0.0084373089649,0.00552851712512,-0.0349767226747,-0.00793774002433,-0.0341401034661
45,90,1.500000,0.000711847350153,0.000864911873745,-0.000737120731804,-0.000819343878479,-0.00431035874768,0.00151202329319,-0.00450660316392,0.00165570649945,0.000142854876355,-0.00781698882698,-0.0117845723618,-0.00244762925813,-0.0357567972351,-0.0105945396759,0.00580831329922,-0.0381395806331,-0.00564625956741,-0.0383689443115
46,92,1.533333,0.00054089499222,0.000913894975118,-0.000729073888903,-0.00110217938283,-0.0047065474208,0.00140815564504,-0.00574967196696,0.00126670753832,0.000340196266606,-0.00914190129517,-0.0119341024323,-0.0037963300927,-0.0386723916789,-0.0126912502869,0.00599591672025,-0.041201375921,-0.00330608660268,-0.0423722655853
47,94,1.566667,0.000326848819812,0.000948741065895,-0.00071435249255,-0.00143093275171,-0.00510642133069,0.00125708073886,-0.00708677907935,0.000809589151367,0.000542071378876,-0.0105666047063,-0.0120052900888,-0.00527352496745,-0.0413825305198,-0.0146639815487,0.00607764154528,-0.044107844243,-0.000960898154048,-0.0460486858464
48,96,1.600000,6.6691363497e-05,0.000967257135259,-0.000692866653681,-0.0018088389794,-0.00550737011233,0.00105470954289,-0.00851036331388,0.000289602255417,0.000744724112365,-0.0120849816112,-0.0119987051614,-0.00686658834828,-0.0438457183923,-0.0164456503505,0.00604037213445,-0.0468029837522,0.00134513928889,-0.0492957294815
49,98,1.633333,-0.000242319858206,0.000967463403502,-0.000664659062551,-0.00223889738315,-0.00590682700466,0.00079743160891,-0.0100115331686,-0.000285717763698,0.000943973759192,-0.0136890274728,-0.0119163871519,-0.00855948437036,-0.0460238888213,-0.0179667031508,0.00587183612808,-0.0492299069368,0.00356831646408,-0.0520119568172
50,100,1.666667,-0.000602609966415,0.000947670743345,-0.000629918644512,-0.00272380826822,-0.00630231749162,0.00048222795358,-0.0115801932394,-0.000906489556103,0.00113524777773,-0.0153688361356,-0.0117618142762,-0.0103328382458,-0.0478831031177,-0.0191563921386,0.00556088123637,-0.0513317499311,0.00566631769689,-0.0540991801977
51,102,1.700000,-0.00101624894185,0.000906559423117,-0.000588992967225,-0.00326590962314,-0.00669150639258,0.000106780310521,-0.0132051923297,-0.00156046869282,0.00131362380331,-0.0171126164114,-0.0115398417182,-0.0121640824727,-0.0493941484588,-0.0199441537999,0.00509775094797,-0.0530526245842,0.00759912522945,-0.0554647207271
52,104,1.733333,-0.00148491910255,0.00084325763711,-0.000542399092379,-0.0038671149053,-0.00707224239591,-0.000330425758267,-0.0148744896381,-0.00223307797078,0.00147388077694,-0.0189067409494,-0.0112566105146,-0.0140276784132,-0.0505330204683,-0.0202610667362,0.00447435414154,-0.0543385974113,0.00932987066942,-0.056023658098
53,106,1.766667,-0.00200988837627,0.000757418200268,-0.000490832571843,-0.00452885300657,-0.00744259908829,-0.000830006395251,-0.0165753349615,-0.00290748736279,0.00161055890278,-0.0207358280075,-0.0109194291683,-0.0158954121972,-0.0512812784644,-0.0200413631331,0.00368452344839,-0.0551386786235,0.0108256140356,-0.0557010246303
54,108,1.800000,-0.00259198976277,0.000649291724755,-0.000435174300695,-0.00525201149993,-0.00780091161292,-0.0013915960659,-0.0182944585095,-0.00356474494793,0.00171802797189,-0.0225828561726,-0.0105366307078,-0.0177367622673,-0.05162626471,-0.0192239662776,0.00272425717005,-0.0554058037969,0.0120580326537,-0.0544338943862
55,110,1.833333,-0.00323160722989,0.000519794567055,-0.000376494957925,-0.00603688425987,-0.00814580819011,-0.00201377758741,-0.0200182656898,-0.00418395920964,0.00179056341717,-0.024429311489,-0.0101174084711,-0.0195193342499,-0.0515611823932,-0.0177540250109,0.00159193960515,-0.05509779043,0.0130040043341,-0.0521733190113
56,112,1.866667,-0.00392866813028,0.000370569837747,-0.000316056789633,-0.00688312452128,-0.00847623585119,-0.00269402772134,-0.0217330321103,-0.0047425320986,0.00182242929447,-0.0262553658578,-0.00967163436687,-0.021209357254,-0.0510850306143,-0.0155844150235,0.000288534789394,-0.0541782516405,0.0136460717961,-0.0488860637934
57,114,1.900000,-0.00468264206636,0.000204039803126,-0.000255312519192,-0.00778970439384,-0.0087914798692,-0.00342868026167,-0.0234250940446,-0.00521644124444,0.00180796722215,-0.0280400849859,-0.00920966375849,-0.0227722341871,-0.0502023982675,-0.0126771764827,-0.00118225110101,-0.0526174495908,0.013972778123,-0.0445561002987
58,116,1.933333,-0.00549254597438,2.34480787691e-05,-0.000195901203728,-0.00875488178176,-0.00909117651273,-0.00421290827838,-0.0250810297309,-0.00558056868244,0.00174169015814,-0.0297616635892,-0.00874213140437,-0.0241731372856,-0.0489231223032,-0.00900485764381,-0.002813843088,-0.0503930718929,0.0139788660836,-0.0391858157967
59,118,1.966667,-0.00635695504731,-0.000167109880061,-0.000139640896082,-0.00977617557299,-0.00937531890135,-0.00504072686181,-0.0266878271168,-0.00580907245931,0.00161837975346,-0.0313976850125,-0.00827974307564,-0.0253776388035,-0.0472618193488,-0.00455173484795,-0.00459671044042,-0.0474909152205,0.0136653373588,-0.0327969044587
60,120,2.000000,-0.00727401897558,-0.000362669348662,-8.85180156394e-05,-0.0108503498586,-0.00964425589644,-0.00590501735844,-0.0282330340178,-0.00587579651411,0.00143318589738,-0.0329254019217,-0.00783306754908,-0.0263523657281,-0.0452373029691,0.000685119352814,-0.00651832287558,-0.043905461641,0.0130393709953,-0.0254309109184
61,122,2.033333,-0.00824148285748,-0.000557393152085,-4.467337946e-05,-0.0119734078237,-0.00989868411834,-0.00679757370195,-0.0297048871182,-0.00575471331771,0.00118172696412,-0.034322034266,-0.00741233364104,-0.0270656665094,-0.0428719018859,0.00669494629257,-0.00856315274875,-0.0396403347421,0.0121141037055,-0.0171494031232
62,124,2.066667,-0.00925671202081,-0.00074458372315,-1.03848963586e-05,-0.0131405958172,-0.0101396333339,-0.00770917103086,-0.0310924168028,-0.00542039291361,0.000860189187743,-0.0355650803056,-0.00702723680656,-0.0274882771382,-0.0401906971709,0.0134526134034,-0.0107127253863,-0.034708624455,0.0109082778506,-0.00803375835195
63,126,2.100000,-0.0103167199073,-0.000916711164095,1.19530198315e-05,-0.0143464179621,-0.0103684456063,-0.00862965635323,-0.032385525445,-0.00484849125339,0.000465423532049,-0.0366326361641,-0.0066867595808,-0.0275939734902,-0.0372206987136,0.0209181494657,-0.012945718976,-0.0291330715224,0.00944576603267,0.00181544629548
64,128,2.133333,-0.0114181981034,-0.00106545782835,1.98532063856e-05,-0.0155846615111,-0.0105867487358,-0.00954806057896,-0.033575037491,-0.00401625007778,-4.96161197301e-06,-0.0375037190992,-0.00639900979359,-0.0273601966914,-0.0339899830856,0.0290365203867,-0.0152381146349,-0.0229461048071,0.00775498408894,0.0122794398702
65,130,2.166667,-0.0125575475597,-0.00118177967113,1.0762509928e-05,-0.0168484329878,-0.010796424645,-0.0104527307988,-0.0346527204372,-0.00290300007316,-0.000552513575166,-0.0381585894971,-0.00617108004959,-0.0267686383636,-0.0305268162291,0.0377376591518,-0.0175633964441,-0.0161897270324,0.00586820687969,0.0232226529938
66,132,2.200000,-0.013730910021,-0.00125598433458,-1.7908676118e-05,-0.0181302049882,-0.0109995734688,-0.0113314812558,-0.0356112765989,-0.00149065864717,-0.00117785605879,-0.0385790664917,-0.00600893144766,-0.025805772973,-0.0268587851515,0.0469367594045,-0.0198928003865,-0.0089152470576,0.00382080352328,0.0344944877457
67,134,2.233333,-0.0149341987038,-0.00127782563972,-6.87543722147e-05,-0.0194218733416,-0.0111984742012,-0.0121717610382,-0.0364443063752,0.000235786574935,-0.00188061888562,-0.0387488320889,-0.0059173039241,-0.0244633251403,-0.0230119629867,0.0565348376415,-0.0221956102562,-0.00118285937251,0.00165041060817,0.0459314392012
68,136,2.266667,-0.0161631272906,-0.00123661385839,-0.000144338801156,-0.0207148241638,-0.0113955428181,-0.0129608361319,-0.0371462445288,0.00228781752065,-0.00265937837774,-0.0386537187422,-0.00589965496062,-0.0227386606559,-0.0190101313749,0.0664195643463,-0.024439497754,0.00693892590143,-0.000603936638897,0.0573595382715
69,138,2.300000,-0.0174132363777,-0.00112134083911,-0.000247160383083,-0.0220000101681,-0.011593288842,-0.0136859831112,-0.0377122717794,0.00467295762568,-0.00351160977814,-0.0382819754783,-0.00595812771294,-0.0206350910782,-0.0148740831161,0.0764663596042,-0.0265909031423,0.0153739966328,-0.0029026942601,0.0685970784033
70,140,2.333333,-0.0186799165997,-0.000920818766175,-0.000379614361029,-0.023268035437,-0.0117942713412,-0.0143346914346,-0.0381382047534,0.00739438466398,-0.00443365299864,-0.0376245079122,-0.00609354890576,-0.0181620831552,-0.0106210264836,0.0865397439271,-0.0286154520345,0.0240394875393,-0.00520669907587,0.0794575822137
71,142,2.366667,-0.0199584277696,-0.000623831047469,-0.000543954521143,-0.0245092477129,-0.0120010553493,-0.0148948710401,-0.0384203680139,0.0104505927524,-0.00542069281617,-0.036675087808,-0.00630545612163,-0.0153353658697,-0.00626411047248,0.0964949302597,-0.0304784031443,0.0328467534971,-0.00747803631274,0.0897529583775
72,144,2.400000,-0.0212439135066,-0.000219293557901,-0.000742254506231,-0.0257138371206,-0.0122161696747,-0.0153550617281,-0.038555452493,0.013835111284,-0.00646675445528,-0.0354305282433,-0.00659215340053,-0.0121769296582,-0.00181208763449,0.106179638523,-0.0321451211361,0.0417024542663,-0.0096808643532,0.0992967941984
73,146,2.433333,-0.0225314109758,0.000303575782346,-0.00097636924914,-0.0268719401152,-0.0124420670135,-0.0157046406653,-0.0385403651573,0.0175362878479,-0.00756471528845,-0.0338908209024,-0.00695079338085,-0.00871491423674,0.00273087192027,0.115436109665,-0.0335815681148,0.0505097355488,-0.0117821765851,0.107907725368
74,148,2.466667,-0.0238158555353,0.000955081337484,-0.00124789707327,-0.0279737473408,-0.0126810872168,-0.0159340242593,-0.0383720751329,0.0215371413548,-0.00870633316159,-0.0320592325597,-0.00737748356668,-0.00498338347691,0.00736520524289,0.124103292104,-0.0347548067809,0.0591694894771,-0.0137524817689,0.115412821564
75,150,2.500000,-0.0250920802617,0.00174487042837,-0.00155814302045,-0.0290096139954,-0.0129354244668,-0.0160348606349,-0.0380474617905,0.0258152906203,-0.00988229161188,-0.0299423584063,-0.00786741371638,-0.0010219878512,0.0120958136626,0.132019169771,-0.0356335078689,0.0675816760843,-0.0155663862196,0.121650924801
76,152,2.533333,-0.0263548105155,0.00268175293956,-0.00190808397121,-0.0299701712309,-0.0132070990116,-0.016000208997,-0.0375631704373,0.0303429625729,-0.0110822619934,-0.0275501305075,-0.00841500082596,0.0031244829111,0.016931750007,0.139023197713,-0.036188454188,0.0756466860493,-0.0172030633715,0.126475876913
77,154,2.566667,-0.0275986538935,0.00377352257291,-0.00229833611852,-0.0308464370719,-0.0134979339788,-0.015824702287,-0.0369154812678,0.0350870830733,-0.0122949822664,-0.0248957803572,-0.00901404774272,0.0074066522018,0.0218857378193,0.144958808518,-0.0363930334099,0.083266724078,-0.0186465989179,0.129759573217
78,156,2.600000,-0.0288180861034,0.0050267825385,-0.00272912534382,-0.0316299253108,-0.0138095376539,-0.015504689735,-0.036100197093,0.0400094520639,-0.013508351942,-0.0219957551936,-0.00965791109731,0.0117712071151,0.0269735287152,0.149675950708,-0.0362237116957,0.0903471916829,-0.0198862026277,0.131394781269
79,158,2.633333,-0.0300074334783,0.00644677850886,-0.0032002610224,-0.0323127508431,-0.0141432914576,-0.0150383561702,-0.0351125550905,0.045067003446,-0.0147095424124,-0.0188695884529,-0.0103396739978,0.0161616384109,0.03221310825,0.153033618708,-0.0356604803333,0.0967980478772,-0.0209162810802,0.131297666741
80,160,2.666667,-0.0311608530117,0.00803724165317,-0.00371111375557,-0.0328877299239,-0.014500343704,-0.0144258152787,-0.0339471674028,0.050212148718,-0.0158851216362,-0.0155397254587,-0.0110523187914,0.0205190591695,0.0376237647662,0.15490233321,-0.0346872677647,0.102535126406,-0.0217363688592,0.12940997264
81,162,2.700000,-0.0322723109528,0.00980024451278,-0.00426059748809,-0.0333484738822,-0.0148816090619,-0.013669174384,-0.0325979948635,0.055393202025,-0.0170211919016,-0.0120313061472,-0.0117888951742,0.0247830897402,0.0432250395803,0.155166530558,-0.0332923097223,0.107481388608,-0.0223509191306,0.125700803467
82,164,2.733333,-0.0333355611272,0.011736072378,-0.00484715642298,-0.033689474897,-0.0152877734876,-0.0127725687644,-0.0310583574557,0.0605548829005,-0.0181035391532,-0.00837190731592,-0.0125426790165,0.0288927950695,0.0490355804484,0.153726820334,-0.0314684706581,0.111568091805,-0.0227689579284,0.120167972209
83,166,2.766667,-0.0343441242619,0.0138431126791,-0.00546875709141,-0.0339061825343,-0.0157193042428,-0.0117421640101,-0.0293209843213,0.0656388916331,-0.0191177921497,-0.00459124753754,-0.0133073174709,0.0327876592104,0.0550719234444,0.150502071589,-0.0292135102386,0.114735854293,-0.0230036098059,0.112838875307
84,168,2.800000,-0.0352912696675,0.0161177647146,-0.0061228858743,-0.0339950698592,-0.0161764644715,-0.0105861254458,-0.0273781052534,0.0705845509028,-0.0200495895258,-0.000720858485574,-0.0140769562433,0.0364085807807,0.0613472311041,0.145431290075,-0.0265302893772,0.11693559945,-0.0230715057081,0.103770868758
85,170,2.833333,-0.036170000683,0.0185543718045,-0.00680655220483,-0.0339536880727,-0.0166593316753,-0.00931455420194,-0.0252215846349,0.0753295061151,-0.0208847526552,0.00320627302345,-0.0148463453141,0.0396988723842,0.0678700168758,0.138475251433,-0.0234269110843,0.118129363288,-0.0229920869106,0.0930511271304
86,172,2.866667,-0.0369730453019,0.0211451776892,-0.00751629760857,-0.033780708774,-0.0171678193147,-0.00793939009225,-0.0228430977568,0.0798104757443,-0.0216094620756,0.00715608747821,-0.0156109199114,0.0426052465538,0.074642887502,0.129617858531,-0.0199167923125,0.118290951778,-0.0227868215796,0.0807959764401
87,174,2.900000,-0.0376928533784,0.0238803086811,-0.00824821066101,-0.0334759531157,-0.0177017006628,-0.00647428204175,-0.0202343483764,0.083964041996,-0.0222104351184,0.0110938543988,-0.0163668541269,0.0450787706273,0.081661335895,0.118867194942,-0.0160186639546,0.117406436572,-0.0224783528811,0.0671497012192
88,176,2.933333,-0.0383216017563,0.0267477827445,-0.0089979478624,-0.0330404073018,-0.0182606339647,-0.00493442739362,-0.0173873252784,0.0877274712354,-0.0226751023125,0.0149845877891,-0.0171110852344,0.0470757731395,0.0889126173269,0.106256250885,-0.0117564971953,0.115474480227,-0.0220895995418,0.0522828357532
89,178,2.966667,-0.0388512085713,0.0297335463091,-0.00976076034763,-0.0324762240642,-0.018844187902,-0.00333638199848,-0.0142945945188,0.0910395529169,-0.022991780089,0.0187934695107,-0.0178413074929,0.0485586848076,0.0963747412992,0.09184330275,-0.00715935551115,0.112506484631,-0.0216428312961,0.0363899589844
90,180,3.000000,-0.0392733578466,0.0328215392395,-0.0105315262663,-0.0317867099553,-0.0194518663335,-0.00169784354158,-0.0109496229594,0.0938414452033,-0.023149837306,0.0224862746079,-0.0185559349867,0.0494967979932,0.104015610299,0.0757119324895,-0.00226117273721,0.108526559119,-0.0211587427035,0.0196870219395
91,182,3.033333,-0.0395795353396,0.0359937879823,-0.0113047885855,-0.0309762984893,-0.0200831312819,-3.74110837634e-05,-0.00734712769659,0.0960775150984,-0.0231398531503,0.0260297925438,-0.0192540338475,0.0498669296393,0.111792334772,0.0579706786457,0.00289954123967,0.103571307533,-0.0206555493557,0.00240824550162
92,184,3.066667,-0.0397610764011,0.0392305265004,-0.0120747979879,-0.0300505093728,-0.020737423161,0.00162567572949,-0.00348344504322,0.0976961607344,-0.0229537640394,0.0293922383294,-0.0199352250084,0.0496539740866,0.119650751079,0.038752316457,0.00828006447006,0.097689436343,-0.0201481304997,-0.0151973652464
93,186,3.100000,-0.0398092263823,0.0425103441929,-0.0128355604593,-0.0290158942572,-0.0214141772906,0.00327181391025,0.000643088115985,0.0986506034676,-0.0225849972587,0.0325436476453,-0.0205995594346,0.0488513338465,0.127525166003,0.0182127703005,0.0138338928083,0.0909411887341,-0.0196472415702,-0.0328698361897
94,188,3.133333,-0.0397152138719,0.0458103595892,-0.0135808890865,-0.0278799696469,-0.0221128358218,0.0048813265738,0.00503174850068,0.098899637642,-0.0220285892126,0.0354562502657,-0.0212473685409,0.047461218324,0.135338347535,-0.00347033244625,0.0195112307822,0.083397612302,-0.0191588190546,-0.0503423081149
95,190,3.166667,-0.0394703367729,0.0491064182056,-0.0143044595204,-0.0266511377764,-0.0228328543012,0.00643476004122,0.00967904463589,0.0984083262802,-0.0212812863474,0.0381048163922,-0.0218790932347,0.0454948026154,0.143001777344,-0.026099451282,0.0252595375816,0.075139670615,-0.0186833985274,-0.0673453228449
96,192,3.200000,-0.0390660609359,0.052373312572,-0.014999868494,-0.0253385964454,-0.0235737022263,0.00791318382711,0.0145783480048,0.09714863155,-0.0203416270187,0.0404669708913,-0.0224950956807,0.0429722408058,0.150416175456,-0.0494592457651,0.0310241213459,0.0662572113514,-0.018215664605,-0.0836112403053
97,194,3.233333,-0.0384941307651,0.0555850220744,-0.0156606947352,-0.0239522389632,-0.0243348570912,0.00929848859532,0.0197195463473,0.0950999696277,-0.0192100028143,0.0425234708893,-0.0230954584705,0.0399225306363,0.157472302531,-0.0733189862441,0.0367487740927,0.0568478059724,-0.0177441490305,-0.0988787117716
98,196,3.266667,-0.0377466908996,0.0587149699288,-0.0162805615673,-0.0225025454911,-0.0251157915888,0.0105736771028,0.0250887283845,0.0922496805243,-0.0178886981156,0.0442584427141,-0.0236797763744,0.0363832289439,0.16405203955,-0.0974352313981,0.0423764388912,0.0470154779061,-0.0172510901428,-0.11289713236
99,198,3.300000,-0.0368164177705,0.0617362943055,-0.0168532004527,-0.0210004672023,-0.0259159538122,0.0117231431749,0.0306679091526,0.0885934045401,-0.0163819069683,0.0456595747699,-0.0242469462368,0.0324000198665,0.170029739121,-0.121554737312,0.0478499002763,0.0368693379544,-0.0167124636746,-0.125430994987
100,200,3.333333,-0.0356966595255,0.0646221303626,-0.0173725147126,-0.0194573047752,-0.0267347404916,0.0127329338663,0.0364348048355,0.0841353582665,-0.0146957266454,0.0467182635781,-0.0247949608554,0.0280261403945,0.17527383678,-0.145417558786,0.053112488414,0.0265221470783,-0.0160981912151,-0.136264068582
101,202,3.366667,-0.0343815825279,0.0673458997374,-0.0178326426386,-0.017884582824,-0.0275714634978,0.013590990155,0.0423626655053,0.0788885044176,-0.0128381276042,0.0474297109147,-0.0253207128257,0.0233216704016,0.179648704983,-0.168760300137,0.0581087871922,0.0160888278321,-0.0153725288505,-0.145203325243
102,204,3.400000,-0.0328663223647,0.0698816038741,-0.0182280192063,-0.0162939219209,-0.0284253100473,0.0142873617994,0.0484201735058,0.072874611257,-0.0108188998758,0.0477929706936,-0.0258198143561,0.0183526967503,0.183016726886,-0.191319469949,0.0627853362173,0.0056849464922,-0.0144946345165,-0.152082544372
103,206,3.433333,-0.0311471370543,0.0722041174535,-0.0185534356102,-0.014696909902,-0.0292952972389,0.0148143923463,0.0545714143611,0.0661241989367,-0.00864957625706,0.0478109449934,-0.0262864389379,0.0131903633971,0.185240561675,-0.212834892149,0.0670913166622,-0.00457481165239,-0.013419308558,-0.156765526398
104,208,3.466667,-0.0292215599325,0.0742894781255,-0.0188040958571,-0.0131049741537,-0.0301802217485,0.0151668707127,0.0607759260642,0.0586763716847,-0.00634333301032,0.0474903293748,-0.0267131905075,0.00790982157562,0.186185568274,-0.233053124381,0.0709792110227,-0.0145781513163,-0.012097897964,-0.159148854629
105,210,3.500000,-0.0270885495166,0.0761151687391,-0.0189756696811,-0.0115292565596,-0.0310786056873,0.0153421462673,0.0669888314163,0.0505785364245,-0.00391486910609,0.0468415083862,-0.0270910053493,0.00258909607791,0.185722349758,-0.251730834077,0.0744054271192,-0.0242166383097,-0.0104793508196,-0.159164150768
106,212,3.533333,-0.0247486335163,0.0776603883097,-0.0190643410878,-0.00998049274718,-0.0319886397986,0.0153402049019,0.0731610567633,0.0418860100659,-0.00138026535651,0.0458784028847,-0.0274090914805,-0.0026921146646,0.183729376912,-0.268638082779,0.0773308770964,-0.0333871111223,-0.00851140377123,-0.15677977774
107,214,3.566667,-0.0222040440707,0.0789063080683,-0.0190668518812,-0.0084688972044,-0.032908125314,0.0151637041977,0.0792396390318,0.0326615193445,0.00124317491029,0.0446182715077,-0.0276549096204,-0.00785368559586,0.180095646102,-0.283561470205,0.0797215027516,-0.0419930124101,-0.0061418818212,-0.15200195249
108,216,3.600000,-0.0194588412514,0.0798363090898,-0.0189805395898,-0.00700405574982,-0.0338344159166,0.0148179664485,0.0851681214257,0.0229745986793,0.00393710170812,0.0430814692957,-0.027814199107,-0.0128163389566,0.174723324146,-0.296307091269,0.081548739228,-0.049945621109,-0.00332008661988,-0.144875241138
109,218,3.633333,-0.0165190218891,0.0804361982101,-0.0188033692747,-0.0055948267279,-0.0347643613561,0.0143109289902,0.0908870365357,0.0129008930418,0.00668230860369,0.0412911670819,-0.0278710512786,-0.0175029241733,0.16753033116,-0.306703261708,0.0827899099504,-0.0571651675205,1.75330663457e-06,-0.135482419294
110,220,3.666667,-0.0133926108488,0.0806943991952,-0.0185339587797,-0.00424925217111,-0.03569425433,0.0136530519931,0.0963344739579,0.00252137426102,0.00945893487883,0.0392730358269,-0.027808031912,-0.0218396823794,0.15845281152,-0.314602971139,0.083428546635,-0.0635818155989,0.00386699921926,-0.12394369106
111,222,3.700000,-0.0100897320027,0.0806021164335,-0.0181715970691,-0.00297448002281,-0.0366197822818,0.0128571845873,0.101446727854,-0.00807851950175,0.0122466770541,0.0370549005658,-0.0276063533176,-0.025757474202,0.147447443147,-0.319886026159,0.0834546292662,-0.0691364988059,0.00831311627648,-0.110415271305
112,224,3.733333,-0.00662265633129,0.0801534687621,-0.0177162553827,-0.00177669835138,-0.0375359857689,0.0119383909001,0.106159018236,-0.0188098101931,0.0150250070321,0.0346663690519,-0.0272460956503,-0.0291929497836,0.134493536286,-0.322460850541,0.0828647420731,-0.0737815982311,0.0133702168085,-0.0950873468188
113,226,3.766667,-0.00300582481766,0.0793455914258,-0.0171685910385,-0.000661082311168,-0.0384372250231,0.0109137382761,0.110406278157,-0.0295809602932,0.0177733940062,0.0321384405183,-0.0267064759217,-0.0320896407146,0.119594874883,-0.322265914495,0.0816621427571,-0.0774814541766,0.0190596650184,-0.0781814428648
114,228,3.800000,0.000744155914125,0.0781787045756,-0.0165299438017,0.000368245580381,-0.0393171562537,0.00980205061205,0.114123997465,-0.040298894448,0.0204715272102,0.0295031002272,-0.0259661621277,-0.0343989546115,0.102781256453,-0.319270770377,0.0798567434841,-0.0802127050329,0.0253927752893,-0.0599472321835
115,230,3.833333,0.00460854692954,0.0766561471543,-0.0158023248449,0.00130824147164,-0.0401687191439,0.00862363035977,0.117249112377,-0.0508700488694,0.0230995365556,0.0267929056413,-0.0250036288353,-0.0360810544845,0.0841096900475,-0.31347667798,0.0774650034476,-0.0819644499702,0.0323696355436,-0.040658833518
116,232,3.866667,0.00856654061502,0.074784375473,-0.014988398417,0.00215695233066,-0.0409841368477,0.00739995331852,0.119720928832,-0.0612014346025,0.0256382082191,0.0240405701173,-0.0237975495487,-0.0371056067668,0.0636652164834,-0.304916808594,0.0745097341178,-0.0827382347151,0.0399780857242,-0.0206106560125
117,234,3.900000,0.0125953555218,0.0725729262514,-0.0140914564385,0.00291351423956,-0.0417549296238,0.00615334084303,0.12148206649,-0.0712017005013,0.028069192302,0.0212785500042,-0.0223272201985,-0.0374523839011,0.041561320279,-0.293656023223,0.0710198195854,-0.0825478624058,0.0481928794603,-0.000112854239843
118,236,3.933333,0.0166703628796,0.07003434437,-0.0131153863339,0.00357813703985,-0.0424719430401,0.00490661452781,0.122479409331,-0.0807821817051,0.0303751997832,0.018538640916,-0.0205730072068,-0.0371117096671,0.0179399087962,-0.279790226677,0.067029855672,-0.0814190341954,0.0569750543599,0.0205135340291
119,238,3.966667,0.0207652447542,0.0671840760506,-0.012064632505,0.00415207572877,-0.0431253914468,0.00368273878079,0.122665048056,-0.0898579195702,0.0325401861341,0.0158515887487,-0.0185168127793,-0.0360847379504,-0.00702915931227,-0.263445305515,0.0625797126958,-0.0793888268489,0.066271533191,0.0409416890206
120,240,4.000000,0.0248521833236,0.0640403286524,-0.0109441519287,0.00463758918803,-0.0437049171619,0.0025044569656,0.121997199076,-0.0983486393821,0.0345495191409,0.0132467207304,-0.0161425493952,-0.0343835583489,-0.0331490071143,-0.244775664011,0.0577140279242,-0.0765050170129,0.0760149745014,0.0608442659457
121,242,4.033333,0.0289020802312,0.0606238987088,-0.00975936444803,0.00503788699725,-0.0441996655347,0.00139392696489,0.120441084575,-0.106179672746,0.0363901287051,0.0107516014297,-0.0134366149151,-0.0320311248556,-0.0601971371138,-0.223962378249,0.0524816348009,-0.0728252640992,0.0861238870663,0.0798987211179
122,244,4.066667,0.0328848044588,0.056957970265,-0.00851609838937,0.00535706524167,-0.0445983757584,0.000372362094259,0.117969758212,-0.113282812321,0.0380506366409,0.00839171821444,-0.0103883593189,-0.0290610067856,-0.0879272891364,-0.201210994112,0.0469349369882,-0.068416165764,0.0965030179889,0.0977926185112
123,246,4.100000,0.0367694666489,0.0530678859649,-0.00722053220416,0.00560003236568,-0.0448894869976,-0.000540316725635,0.114564861255,-0.119597087508,0.0395214647738,0.0061902001583,-0.00699053384095,-0.0255169640907,-0.116071745935,-0.176749000168,0.0411292360932,-0.0633522017657,0.107044019415,0.114228827559
124,248,4.133333,0.0405247173086,0.0489808937035,-0.00587913288323,0.00577242624795,-0.0450612590903,-0.00132581175241,0.110217294548,-0.125069450828,0.040794919952,0.0041675738338,-0.00323971318871,-0.0214523521707,-0.144344066151,-0.150823011234,0.0351220226474,-0.0577145835118,0.117626393718,0.128930524003
125,250,4.166667,0.0441190658497,0.0447258719796,-0.00449859193339,0.00588052377901,-0.0451019067674,-0.00196775659361,0.104927792457,-0.12965536598,0.04186525491,0.00234155883676,0.000863318380299,-0.0169293641945,-0.172442216497,-0.123695702593,0.0289722404583,-0.0515900278341,0.128118711786,0.141645908147
126,252,4.200000,0.0475212169783,0.0403330373635,-0.0030857597353,0.00593114430647,-0.0449997460361,-0.00245199651419,0.0987073860698,-0.133319289978,0.0427287042726,0.000726905247961,0.00531322607636,-0.0120181217454,-0.200052067526,-0.095642538456,0.0227395348535,-0.0450694744565,0.138380093759,0.152152558888
127,254,4.233333,0.0507004205387,0.0358336377213,-0.00164757911984,0.00593154837586,-0.0447433510751,-0.00276683603306,0.0915777441822,-0.136035043258,0.0433834953376,-0.000664725421176,0.0100998372041,-0.00679562723734,-0.2268512103,-0.0669483411429,0.0164834955712,-0.038246767212,0.148261936351,0.160261347374
128,256,4.266667,0.0536268305626,0.0312596350179,-0.000191019005897,0.00588933323533,-0.0443217197198,-0.00290324945193,0.0835713821716,-0.137786063254,0.0438298336415,-0.00182483492754,0.0152079152947,-0.00134459398588,-0.252513044695,-0.0379037496889,0.0102629051302,-0.0312173193349,0.157609865842,0.16581984092
129,258,4.300000,0.0562718689708,0.0266433816402,0.00127699106341,0.00581232659039,-0.0437244453618,-0.00285505052751,0.0747317305905,-0.138565538579,0.0440698636703,-0.00274811844715,0.0206170028625,0.00424782799903,-0.276711084267,-0.00880161799185,0.00413500341466,-0.0240767830879,0.166265890988,0.168715135869
130,260,4.333333,0.058608589133,0.0220172942522,0.00274962466728,0.00570848008986,-0.0429418928649,-0.00261901813381,0.0651130572403,-0.138376422641,0.044107605432,-0.00343245065589,0.0263013389683,0.0098914105338,-0.299123417493,0.0200665966901,-0.00184522104434,-0.016919743597,0.174070725665,0.168876067235
131,262,4.366667,0.0606120343197,0.0174135292035,0.00422021974725,0.00558576399754,-0.0419653759134,-0.0021949754549,0.054780238568,-0.137231327218,0.0439488679522,-0.00387882887067,0.0322298566958,0.0154942685553,-0.319437261028,0.0484144042023,-0.00762570302617,-0.00983845605945,0.180866247025,0.166274753048
132,264,4.400000,0.0622595859746,0.0128636634666,0.00568233659266,0.00545206445554,-0.0407873330529,-0.00158582098957,0.0438083784357,-0.135152298201,0.0436011410814,-0.00409127500571,0.038366264446,0.0209643214225,-0.337353537391,0.0759637611103,-0.0131579263261,-0.00292164448874,0.186498051426,0.160927442222
133,266,4.433333,0.0635312967124,0.00839838497803,0.00712981187456,0.00531508467698,-0.0394014995804,-0.000797510424385,0.0322822746054,-0.132170477346,0.0430734673041,-0.00407669868427,0.0446692136403,0.0262107706104,-0.35259140734,0.102448411302,-0.0183974944316,0.00374662112654,0.190818067503,0.15289464626
134,268,4.466667,0.0644102029938,0.00404719610275,0.00855680809283,0.00518225131846,-0.0378030723738,0.00016101077098,0.0202957356341,-0.128325655448,0.0423762955259,-0.0038447243848,0.0510925540328,0.0311455697197,-0.364892686117,0.12761704178,-0.0233046382443,0.0100879539062,0.193687183462,0.14228054699
135,270,4.500000,0.0648826125639,-0.000161866263072,0.00995785787108,0.00506062717813,-0.0359888647354,0.00127792336617,0.0079507532386,-0.123665723827,0.0415213190562,-0.00340748598371,0.0575856763646,0.0356848626686,-0.374026072849,0.15123621089,-0.0278446538921,0.0160305718265,0.194977844186,0.129231684666
136,272,4.533333,0.0649383619416,-0.00420249069125,0.0113279026116,0.00495683124598,-0.0339574483589,0.00253869754944,-0.00464346246657,-0.1182460324,0.0405213002234,-0.0027793924785,0.0640939406007,0.039750366279,-0.379791123596,0.173093009948,-0.0319882647501,0.0215101005074,0.194576572882,0.113934942827
137,274,4.566667,0.0645710395405,-0.00805032835783,0.0126623251077,0.00487696700043,-0.0317092796129,0.00392630101981,-0.0173715751696,-0.112128663817,0.0393898842356,-0.00197686902798,0.0705591864716,0.0432706742171,-0.382021900992,0.192997423439,-0.0357119029549,0.026470247527,0.192386372064,0.0966148582561
138,276,4.600000,0.0637781703565,-0.0116832046884,0.0139569757989,0.00482655970224,-0.029246807468,0.00542144899693,-0.0301133301308,-0.105381634253,0.0381414050363,-0.00101807772708,0.076920321548,0.0461824603875,-0.380590236921,0.21078435777,-0.0389979069247,0.0308633409824,0.188328959407,0.0775302958357
139,278,4.633333,0.0625613585905,-0.0150813032528,0.0152081924509,0.00481050328565,-0.0265745605795,0.00700289244643,-0.0427448636029,-0.0980780323533,0.0367906859986,7.73772615731e-05,0.083113980611,0.0484315613912,-0.375408549357,0.226315313708,-0.0418346326855,0.0346507273262,0.182346795622,0.0569705389738
140,280,4.666667,0.0609263850716,-0.0182273200471,0.0164128131334,0.00483301729018,-0.0236992112677,0.00864774016782,-0.0551400981106,-0.0902951085524,0.0353528383571,0.00128875547042,0.0890752486929,0.049973919523,-0.366432160167,0.239479683147,-0.0442164781091,0.0378030258621,0.174404863885,0.0352508563648
141,282,4.700000,0.0588832569004,-0.0211065867177,0.0175681824722,0.00489761411657,-0.020629614417,0.0103318098092,-0.0671722061307,-0.0821133275745,0.0338430602792,0.00259449198714,0.0947384388588,0.0507763699651,-0.353661067345,0.250195656636,-0.0461438204956,0.0403002396323,0.164492163473,0.0127076149326
142,284,4.733333,0.056446207341,-0.0237071617171,0.0186721512415,0.00500707673087,-0.0173768196303,0.0120300023681,-0.0787151232837,-0.0736153972404,0.0322764394449,0.00397251064508,0.100037914616,0.050817258303,-0.33714113266,0.258410733969,-0.0476228692355,0.0421317247428,0.152622884133,-0.0103069832258
143,286,4.766667,0.0536336446397,-0.0260198888219,0.0197230694633,0.00516344678265,-0.013954055333,0.0137166943181,-0.0896450909799,-0.064885286886,0.0306677619243,0.00540053388266,0.104908945796,0.0500868772038,-0.316964654009,0.264101836168,-0.0486654365675,0.043296022405,0.138837232217,-0.0334304553943
144,288,4.800000,0.0504680491349,-0.0280384228881,0.0207197732674,0.00536802295101,-0.0103766839079,0.0153661411782,-0.0998422075893,-0.0560072486465,0.0290313300179,0.00685638478914,0.109288585865,0.0485877140105,-0.293270300658,0.267275023056,-0.0492886306678,0.0438005600909,0.123201884743,-0.0562957944959
145,290,4.833333,0.0469758187322,-0.0297592231576,0.0216615658537,0.00562136918562,-0.00666212735598,0.016952886116,-0.109191966625,-0.0470648546219,0.0273807915692,0.00831827710097,0.113116557922,0.0463345040713,-0.266242399007,0.267964826474,-0.0495144764583,0.0436612301686,0.105810053152,-0.0785373334644
146,292,4.866667,0.0431870635391,-0.0311815148576,0.0225481929799,0.00592333237435,-0.00282976341353,0.0184521670557,-0.117586760189,-0.0381400625144,0.0257289830551,0.00976508922279,0.116336136138,0.0433540877901,-0.236109566256,0.266233214735,-0.0493694705854,0.0429018561732,0.086781144619,-0.0997966218971
147,294,4.900000,0.0391353511845,-0.0323072202453,0.0233798134692,0.00627306884326,0.00109920749651,0.0198403157486,-0.124927325998,-0.0293123217129,0.0240877885331,0.0111766187132,0.118895009067,0.0396850725992,-0.203142699337,0.262168209208,-0.0488840779723,0.0415535584513,0.066260015133,-0.11972821853
148,296,4.933333,0.0348574050613,-0.0331408606381,0.0241569652989,0.00666907898325,0.00510192364617,0.0210951423576,-0.131124116721,-0.020657731025,0.0224680162599,0.0125338140904,0.120746111216,0.0353773042631,-0.167652336458,0.255882178776,-0.0480921781854,0.039654032265,0.0444158152031,-0.138005304061
149,298,4.966667,0.030392758432,-0.033689431328,0.0248805278854,0.00710924919962,0.00915405043113,0.0221962993066,-0.136098571127,-0.0122482583188,0.0208792945089,0.0138189812695,0.121848409366,0.0304911550729,-0.129985418495,0.247509842338,-0.0470304705547,0.0372467525437,0.02144043575,-0.154325021442
150,301,5.016667,0.0234380646367,-0.0339987610799,0.0258680447608,0.00784630243945,0.0152686128223,0.0235208330259,-0.141126647705,-0.000239006946826,0.0185723676456,0.0155767914454,0.122024888731,0.0222330066763,-0.0702421090672,0.231383057716,-0.0450175370541,0.0327907993309,-0.0146732041988,-0.174544381574
151,303,5.050000,0.0186944804784,-0.0338800840857,0.0264633472804,0.00838404784264,0.0193301273683,0.0241638390669,-0.142783689432,0.00727610498143,0.0170949542643,0.0166149189549,0.121121617261,0.0162257078687,-0.028854867183,0.218510084092,-0.0434546628891,0.0293344533078,-0.0395062587121,-0.18484663969
152,305,5.083333,0.0139187965746,-0.0335179437004,0.0270102174202,0.00895446600982,0.0233475703749,0.0246010303191,-0.143045330856,0.0143362509248,0.0156719824506,0.0175320938419,0.119383267922,0.00992006922391,0.0132673756668,0.204163883687,-0.0417634175959,0.0255553645791,-0.0646510117988,-0.192387905496
153,307,5.116667,0.00915792935754,-0.0329283143957,0.0275105367712,0.00955334935589,0.0272929345205,0.0248240126608,-0.141894620532,0.0208956306459,0.0143070458652,0.0183185123337,0.116803834082,0.00341074452919,0.0556678729255,0.188549022576,-0.0399852112885,0.0215119794967,-0.0898422449815,-0.1970276916
154,309,5.150000,0.00445910453946,-0.0321285842512,0.0279662839402,0.0101761957246,0.0311381614108,0.0248276224411,-0.139330039393,0.0269154127425,0.0130023662846,0.0189663377502,0.113386307724,-0.00320366432268,0.0978799342006,0.171877877276,-0.0381607039154,0.0172635287527,-0.114806732044,-0.198670342165
155,311,5.183333,-0.000130662619639,-0.0311373184658,0.0283794892794,0.0108182743369,0.0348554458512,0.0246100329595,-0.135365735279,0.032363946197,0.0117588291003,0.0194697116603,0.109142888461,-0.00982213507187,0.13943279435,0.154367684509,-0.0363291838735,0.0128691326309,-0.139266763454,-0.197266759653
156,313,5.216667,-0.004565091574,-0.0299740174504,0.0287521911411,0.0114746916208,0.0384175451019,0.0241728091092,-0.130031559004,0.037216873543,0.0105760390442,0.0198247358062,0.10409507227,-0.0163427981463,0.17985761762,0.136237605409,-0.0345279793658,0.00838694696296,-0.162943817985,-0.192815388478
157,315,5.250000,-0.0087991585987,-0.0286588727694,0.0290863943141,0.01214045597,0.0417980890306,0.0235209090905,-0.123372898889,0.0414571468407,0.00945239489969,0.0200294263695,0.0982736159169,-0.0226645298868,0.218693551997,0.117705846623,-0.0327919111868,0.00387336247233,-0.185562328037,-0.185362437598
158,317,5.283333,-0.0127896099991,-0.0272125241368,0.0293840312514,0.0128105405411,0.0449718869678,0.0226626329469,-0.115450313498,0.0450749490503,0.00838518168045,0.020083642556,0.091718374873,-0.0286885404046,0.25549374722,0.0989868790463,-0.0311527948812,-0.000617731126584,-0.206853482667,-0.175001336556
159,319,5.316667,-0.0164954597221,-0.0256558205652,0.0296469266419,0.0134799432702,0.0479152270327,0.0216095185283,-0.106338965261,0.0480675247069,0.00737067850724,0.01998899183,0.0844780144236,-0.0343199305623,0.289831249566,0.0802887924873,-0.0296389993675,-0.00503560638784,-0.226559010846,-0.16187143217
160,321,5.350000,-0.0198784648062,-0.0240095886123,0.0298767658198,0.014143743371,0.0506061637146,0.020376186334,-0.0961278605319,0.0504389250377,0.00640428019271,0.0197487144335,0.0766095955935,-0.0394691930192,0.321304687471,0.0618108216878,-0.0282750681536,-0.0093332764871,-0.244434886797,-0.146155945625
161,323,5.383333,-0.0229035723383,-0.0222944104798,0.0300750674316,0.0147971536713,0.0530247895875,0.0189801355091,-0.0849189044678,0.0521996737854,0.00548063035621,0.0193675500722,0.0681780394626,-0.0440536331466,0.349543664401,0.0437410756161,-0.0270814082247,-0.0134679841288,-0.260254899594,-0.128079221933
162,325,5.416667,-0.0255393319144,-0.0205304144951,0.030243160708,0.0154355682436,0.0551534871813,0.0174414940566,-0.0728257818478,0.0533663610048,0.0045937637399,0.018851589839,0.0592554753521,-0.0479986868844,0.374213779,0.0262544980927,-0.0260740505606,-0.0174015962669,-0.273814030469,-0.10790331545
163,327,5.450000,-0.027758268013,-0.0187370802455,0.0303821676077,0.0160546048884,0.0569771572502,0.0157827270672,-0.0599726775548,0.0539611729653,0.00373725528468,0.0182081165738,0.049920480215,-0.0512391142532,0.395021197471,0.00951108353258,-0.0252644850686,-0.0211009017345,-0.284931583487,-0.0859239661401
164,329,5.483333,-0.0295372071908,-0.0169330603524,0.0304929900166,0.0166501421411,0.0584834199541,0.0140283074457,-0.04649285283,0.0540113670125,0.00290437345155,0.0174454369237,0.0402572183337,-0.0537200492348,0.41171670923,-0.00634563297243,-0.0246595715107,-0.0245378107204,-0.293454018332,-0.0624660313384
165,331,5.516667,-0.030857555586,-0.0151360205691,0.0305763021011,0.0172183505769,0.0596627857973,0.0122043542208,-0.0325270956114,0.0535487008026,0.00208823524174,0.0165727083741,0.030354492068,-0.0553978890489,0.424099204101,-0.0211897967784,-0.0242615267842,-0.0276894568399,-0.299257438002,-0.0378784467768
166,333,5.550000,-0.0317055228556,-0.0133624995602,0.0306325478313,0.017755718303,0.0605087935569,0.0103382440483,-0.0182220651857,0.052608825726,0.00128196037691,0.0155997644644,0.020304715902,-0.0562410084484,0.432018517519,-0.0349141564792,-0.0240679877016,-0.0305382042985,-0.302249688938,-0.0125287984163
167,335,5.583333,-0.0320722893811,-0.0116277893933,0.0306619436026,0.0182590706264,0.0610181128616,0.00845820194923,-0.00372855302384,0.0512306545707,0.00047882214963,0.0145369412947,0.010202827361,-0.0562302874936,0.435377599312,-0.0474306837714,-0.0240721472289,-0.0330715643006,-0.30237203673,0.0132024069773
168,337,5.616667,-0.0319541143268,-0.00994583743173,0.0306644858052,0.018725583993,0.061190609557,0.00659287766479,0.0108003170077,0.0494557135485,-0.000327607458564,0.0133949082608,0.000145149499975,-0.0553594442828,0.434133971438,-0.0586708907277,-0.0242629609982,-0.0352820263926,-0.299600386708,0.0389276796264
169,339,5.650000,-0.0313523829283,-0.00832916998482,0.0306399631111,0.0191527943829,0.0610293724979,0.00477091423524,0.0252109248868,0.047327488715,-0.00114332066974,0.0121845057436,-0.00977177942228,-0.0536351672848,0.428300450482,-0.0685858496136,-0.0246254198306,-0.0371668118121,-0.293946025498,0.0642585966386
170,341,5.683333,-0.0302735922064,-0.00678883773697,0.0305879731762,0.0195386004384,0.060540700943,0.00302051554077,0.039351002323,0.0448907765632,-0.00197374693145,0.0109165922234,-0.0194523927887,-0.0510770451613,0.417945121545,-0.0771459249913,-0.0251408830053,-0.0387275571349,-0.285455866886,0.0888118659657
171,343,5.716667,-0.0287292751367,-0.00533438265897,0.0305079433847,0.0198812616735,0.0597340522778,0.00136901955423,0.053071467227,0.0421910481764,-0.00282363799557,0.00960190299084,-0.0288032822654,-0.0477172952536,0.403190561221,-0.0843402321983,-0.0257874661071,-0.0399699375317,-0.274212192833,0.112215306249
172,345,5.750000,-0.0267358641392,-0.00397382579937,0.0303991552066,0.0201793921878,0.0586219503564,-0.000157516036392,0.0662282198097,0.0392738357825,-0.00369696676236,0.00825092230594,-0.0377343673391,-0.0436002951604,0.384212318554,-0.0901758402877,-0.0265404764874,-0.0409032397738,-0.260331888341,0.134113645878
173,347,5.783333,-0.0243144955805,-0.00271367506934,0.0302607716807,0.0204319503562,0.0572198553124,-0.00153470937972,0.0786838758353,0.0361841498905,-0.00459684135341,0.006873770504,-0.0461600309364,-0.0387819250162,0.361236673896,-0.0946767411277,-0.0273728886997,-0.0415398957237,-0.243965176675,0.154174047713
174,349,5.816667,-0.0214907577838,-0.00155895187409,0.0300918674966,0.0206382250158,0.0555459962495,-0.00274022503589,0.0903094134022,0.03296593441,-0.00552543561312,0.00548010718289,-0.0540002046622,-0.0333287311294,0.334537706388,-0.097882609512,-0.0282558517256,-0.0418949874327,-0.225293869337,0.172091270581
175,351,5.850000,-0.0182943858116,-0.000513235211042,0.0298914611091,0.0207978186996,0.053621168759,-0.00375411382839,0.100985710827,0.0296615662784,-0.0064839369576,0.00407905123203,-0.0611813878016,-0.0273169245079,0.304433711117,-0.0998473817932,-0.0291592194013,-0.0419857351195,-0.20452915283,0.18759238483
176,353,5.883333,-0.0147589070118,0.000421278346862,0.029658548295,0.0209106284871,0.0514684997302,-0.00455911672258,0.110604954734,0.0263114051664,-0.00747251219835,0.00267911808665,-0.0676375850898,-0.0208312304397,0.271283016753,-0.100637682683,-0.0300520951924,-0.041830979235,-0.181908941623,0.20044096672
177,355,5.916667,-0.010921241983,0.00124370053387,0.0293921365464,0.0209768250485,0.0491131824009,-0.00514092806127,0.119071899319,0.0229533978125,-0.00849029167015,0.00128817422187,-0.073311149356,-0.0139636076651,0.235479263384,-0.100331131437,-0.0309033823462,-0.0414506675291,-0.157694833711,0.21044070521
178,357,5.950000,-0.00682126621839,0.0019543650253,0.0290912796871,0.0209968304524,0.0465821850372,-0.00548841414152,0.126304959852,0.019622740479,-0.00953537169331,-8.65914564491e-05,-0.0781535164683,-0.00681185773397,0.197446208375,-0.099014559642,-0.0316823304824,-0.0408653575413,-0.132168711539,0.217438364529
179,359,5.983333,-0.00250133821003,0.00255473080654,0.0287551121042,0.0209712952917,0.0439039370292,-0.00559378383434,0.132237125923,0.0163516019358,-0.0106048351042,-0.00143868000333,-0.0821258215349,0.000521853145894,0.157632135036,-0.0967821732558,-0.0323590698553,-0.0400957442426,-0.1056290369,0.22132605671
180,361,6.016667,0.00199419975843,0.00304727732299,0.0283828820002,0.0209010756535,0.0411079965259,-0.00545270871682,0.136816682465,0.0131689082897,-0.0116947893001,-0.00276227959941,-0.0851993870266,0.00793253612462,0.116503944783,-0.0937336914041,-0.032905124836,-0.0391622216936,-0.07838689338,0.222042789749
181,363,6.050000,0.00661954155414,0.00343539348304,0.0279739830928,0.0207872104197,0.0382247040183,-0.005064390993,0.140007729434,0.0101001899012,-0.0128004209702,-0.00405224875825,-0.0873560753453,0.0153139609966,0.0745410180647,-0.0899724937325,-0.033293898608,-0.0380844865526,-0.050761834194,0.219575269091
182,365,6.083333,0.0113279510359,0.00372326257661,0.0275279842241,0.0206308993414,0.0352848264918,-0.00443157831079,0.141790493867,0.00716748958939,-0.0139160664245,-0.00530408708855,-0.0885885003528,0.0225602516275,0.0322289326541,-0.0856038068895,-0.0335011216447,-0.0368811901183,-0.0230775965001,0.213957942534
183,367,6.116667,0.0160723027993,0.00391574512816,0.0270446563795,0.0204334822728,0.0323191969216,-0.00356052542468,0.142161431085,0.00438933033085,-0.0150352961979,-0.00651389532587,-0.0889000944571,0.0295674702677,-0.00994687020375,-0.0807329589806,-0.0335052572175,-0.0355696443202,0.00434225433617,0.205272291119
184,369,6.150000,0.0208056227726,0.00401826162793,0.0265239966636,0.0201964198942,0.0293583539591,-0.00246090349341,0.141133114811,0.00178073973138,-0.0161510123921,-0.00767832650681,-0.0883050299952,0.0362351657934,-0.0515073807329,-0.0754637286502,-0.0332878579732,-0.0341655857297,0.0311786857525,0.193645380979
185,371,6.183333,0.0254816216557,0.00403667697944,0.0259662488382,0.019921276184,0.0264321866674,-0.00114565862437,0.138733919007,-0.000646672297991,-0.0172555570342,-0.00879453027171,-0.0868279958251,0.042467861617,-0.0919861865008,-0.0698968128553,-0.0328338684892,-0.0326830002658,0.0571214991825,0.179247703226
186,373,6.216667,0.0300552143345,0.00397718836949,0.0253719200835,0.0196097028379,0.0235695890919,0.000369177930452,0.135007497225,-0.00288458698538,-0.0183408295766,-0.00986009234695,-0.0845038322003,0.0481764601103,-0.130935421332,-0.0641284344508,-0.0321318696615,-0.0311340098523,0.0818735070806,0.162290340541
187,375,6.250000,0.0344830186481,0.00384621811146,0.0247417937112,0.0192634257595,0.0207981293202,0.00206472477315,0.130012068134,-0.0049278062387,-0.0193984115401,-0.0108729712771,-0.081377029125,0.0532795418582,-0.167931412989,-0.0582491074727,-0.0311742617767,-0.029528820868,0.105154523198,0.143021510028
188,377,6.283333,0.0387238272189,0.00365031283675,0.0240769376259,0.0188842336814,0.0181437374713,0.00391952670435,0.123819518605,-0.00677404379873,-0.0204196962157,-0.0118314344477,-0.0775010954327,0.0577045398842,-0.202579950266,-0.0523425745459,-0.0299573841568,-0.0278757328575,0.126705106306,0.12172254191
189,379,6.316667,0.0427390464817,0.00339605021834,0.0233787084013,0.0184739689065,0.0156304167846,0.00590986793697,0.116514338335,-0.00842368394235,-0.0213960212857,-0.0127339953674,-0.072937807767,0.0613887711321,-0.234521096251,-0.0464849272232,-0.0284815703247,-0.0261812046518,0.146290001293,0.0987033625858
190,381,6.350000,0.0464930975503,0.0030899542061,0.0226487509085,0.0180345200964,0.0132799816385,0.00801011715064,0.108192402244,-0.00987951397269,-0.022318802209,-0.0135793540609,-0.0677563504434,0.0642803099088,-0.263433481775,-0.0407439163588,-0.026751138692,-0.0244499738255,0.163701226234,0.0742975583438
191,383,6.383333,0.0499537741428,0.00273841954264,0.0218889935092,0.017567816974,0.0111118259369,0.0101930988915,0.0989596190303,-0.0111464369081,-0.0231796642323,-0.01436634227,-0.062032358794,0.066338690653,-0.289038021242,-0.0351784558923,-0.0247743198208,-0.0226852242993,0.178760759462,0.0488571024604
192,385,6.416667,0.0530925534253,0.00234764611277,0.0211016388922,0.0170758267549,0.00914272485568,0.0124304854469,0.0889304659841,-0.0122311708325,-0.0239705709409,-0.0150938749702,-0.0558468800339,0.0675354302406,-0.311101002184,-0.0298383197436,-0.0225631223172,-0.0208887959214,0.191322786938,0.0227468334089
193,387,6.450000,0.0558848563349,0.00192358346486,0.0202891507038,0.0165605520732,0.00738667245047,0.0146932030484,0.0782264316535,-0.013141941301,-0.0246839473484,-0.0157609094895,-0.0492852668976,0.0678543630355,-0.329436509596,-0.0247640279622,-0.0201331403803,-0.0190614290284,0.201275477037,-0.00366122458126
194,389,6.483333,0.0583102546815,0.00147188563175,0.0194542361861,0.0160240301309,0.0058547571027,0.016951846079,0.0669743890858,-0.0138881730063,-0.0253127956397,-0.0163664132706,-0.0424360202719,0.0672917849714,-0.343908156503,-0.0199869148896,-0.0175033069289,-0.0172030363301,0.208542257289,-0.0299936054396
195,391,6.516667,0.0603526231006,0.000997876176129,0.0185998250978,0.0154683327685,0.00455507622559,0.0191770928909,0.0553049231309,-0.0144801866206,-0.0258508018275,-0.016909341055,-0.0353895977718,0.0658564060769,-0.3544301029,-0.0155293689554,-0.0146955970472,-0.0153129939769,0.21308257538,-0.0558811161095
196,393,6.550000,0.0620002347217,0.000506523194298,0.0177290452473,0.0148955671319,0.00349269107735,0.0213401168706,0.0433506357153,-0.0149289063282,-0.0262924317532,-0.0173886219883,-0.0282372056615,0.0635691139595,-0.360967356128,-0.011405230873,-0.011734687223,-0.0133904433742,0.214892134835,-0.0809644300255
197,395,6.583333,0.0632458002179,2.42383588843e-06,0.0168451950178,0.0143078766015,0.0026696219443,0.0234129865246,0.0312444530422,-0.015245583082,-0.026633015056,-0.0178031568634,-0.0210695917072,0.0604625538061,-0.363535356714,-0.00762033448646,-0.00864757647831,-0.011434595204,0.214002603993,-0.104899469668
198,397,6.616667,0.0640864506955,-0.000510202261778,0.0159517133071,0.0137074416445,0.00208488337007,0.0253690485921,0.0191179583578,-0.0154415380539,-0.0268688159472,-0.0181518254342,-0.013975856456,0.0565805333811,-0.362198864494,-0.00417317238128,-0.00546317601324,-0.00944502719607,0.210480805167,-0.127362492917
199,399,6.650000,0.0645236656649,-0.00102751136489,0.0150521473361,0.0130964802593,0.0017345585284,0.0271832885229,0.00709977325126,-0.0155279301206,-0.026997089855,-0.0184335034516,-0.00704230006787,0.0519772642574,-0.357070170346,-0.00105566664077,-0.0022118743809,-0.00742196746474,0.204427398951,-0.14805480359
200,401,6.683333,0.0645631480817,-0.00154602671722,0.0141501188137,0.0124772476968,0.00161191127488,0.0288326630747,-0.00468599055518,-0.015515550551,-0.0270161252431,-0.0186470888118,-0.000351321199199,0.0467164530622,-0.348306668834,0.0017459761697,0.00107491450707,-0.00536655567577,0.195975086541,-0.16670701354
201,403,6.716667,0.0642146491599,-0.00206262324821,0.0132492889584,0.0118520351685,0.00170753387625,0.0302964002849,-0.0161211883097,-0.0154146473436,-0.026925270155,-0.0187915359533,0.00601961645706,0.0408702588127,-0.336107836444,0.00425034756396,0.00436521309457,-0.00328107492659,0.185286360376,-0.183082791833
202,405,6.750000,0.063491746323,-0.00257450693577,0.0123533228923,0.0112231672827,0.00200952791322,0.031556262642,-0.0270949892466,-0.0152347809308,-0.0267249432842,-0.0188658974191,0.0119989354958,0.0345181344148,-0.320711668647,0.00647987941781,0.00762694413639,-0.00116914799189,0.172550840382,-0.196982045697
203,407,6.783333,0.0624115782558,-0.00307918988946,0.0114658539227,0.0105929979914,0.00250371539124,0.032596769916,-0.037505096442,-0.0149847122254,-0.0264166296183,-0.0188693712979,0.017521800865,0.0277455720855,-0.302390636665,0.00845986810509,0.0108283895142,0.000964107507531,0.157982239439,-0.208243487993
204,409,6.816667,0.0609945415619,-0.0035744622399,0.0105904482245,0.00996390487523,0.00317387668065,0.0334053787858,-0.0472588245821,-0.0146723232494,-0.0260028609499,-0.0188013530986,0.022530869098,0.0206427737861,-0.281447231419,0.0102175021371,0.0139386367499,0.00311196943508,0.141815007291,-0.216746556647
205,411,6.850000,0.0592639539852,-0.00405836191655,0.00973057041703,0.00933828164308,0.00400201155006,0.0339726171292,-0.0562740230646,-0.0143045698811,-0.0254871817799,-0.018661490479,0.0269769208679,0.0133032687283,-0.258209167594,0.0117809140579,0.0169280063864,0.00526605027861,0.124300706918,-0.222412662714
206,413,6.883333,0.057245689536,-0.00452914336894,0.00888955051442,0.00871852878118,0.0049686192584,0.0342921715835,-0.0644798343644,-0.0138874655809,-0.02487410136,-0.0184497391595,0.0308193688862,0.00582250059643,-0.233024325011,0.0131782760588,0.0197684538448,0.00741628723186,0.105704181282,-0.22520575524
207,415,6.916667,0.0549677911537,-0.00498524623806,0.00807055269531,0.00810704233846,0.00605299343797,0.0343609277464,-0.0718172802221,-0.0134260943321,-0.0241690328257,-0.0181664183047,0.0340266351572,-0.00170359266442,-0.206255507437,0.0144369571357,0.0224339399066,0.00955098412678,0.0862995712658,-0.225132202664
208,417,6.950000,0.0524600667406,-0.00542526491586,0.00727654630466,0.00750620089612,0.00723352733512,0.0341789631504,-0.0782396709245,-0.0129246504732,-0.023378220557,-0.0178122636407,0.0365763936622,-0.00917998383151,-0.178275100635,0.0155827576526,0.0249007645931,0.0116569048897,0.0663662475858,-0.222240002005
209,419,6.983333,0.0497536745163,-0.00584791984513,0.00651027945965,0.00691835082509,0.00848802487912,0.0337494938883,-0.0837128356835,-0.0123865026017,-0.022508657066,-0.0173884766127,0.0384556766635,-0.0165139240567,-0.149459711775,0.0166392349543,0.0271478599176,0.013719416968,0.0461847203218,-0.216617338212
210,421,7.016667,0.046880703659,-0.00625203131038,0.00577425558565,0.00634578999104,0.00979401302507,0.033078776494,-0.0882151748498,-0.0118142783154,-0.0215679908503,-0.0168967679557,0.0396608449433,-0.0236162520142,-0.120184871304,0.0176271312259,0.0291570377442,0.0157226819852,0.0260325895579,-0.208390526751
211,423,7.050000,0.0438737561348,-0.00663649635685,0.00507071315823,0.00579075011908,0.0111290508623,0.0321759673675,-0.0917375373721,-0.0112099662273,-0.0205644267619,-0.016339394163,0.0401974243929,-0.0304026246424,-0.0908198761234,0.0185639121966,0.0309131898011,0.0176498897574,0.00618059944107,-0.197721382467
212,425,7.083333,0.0407655354559,-0.0070002693513,0.00440160887401,0.00525537807881,0.0124710310949,0.0310529426731,-0.0942829294865,-0.0105750314456,-0.0195066205273,-0.0157191854847,0.0400798134186,-0.0367946511702,-0.0617228493467,0.0194634225699,0.0324044377382,0.0194835307625,-0.0131111442558,-0.184804066868
213,427,7.116667,0.0375884478689,-0.00734234656847,0.00376860441766,0.00474171639254,0.0137984696825,0.0297240822195,-0.0958660630629,-0.00991054056316,-0.0184035691103,-0.0150395642664,0.0393308675817,-0.0427209139985,-0.0332360872512,0.0203356613053,0.0336222319783,0.0212057012264,-0.031596736158,-0.169861474138
214,429,7.150000,0.0343742211542,-0.00766175505373,0.00317305693491,0.00425168330662,0.0150907796759,0.0282060213447,-0.096512754295,-0.00921729214018,-0.017264498635,-0.0143045526483,0.0379813697275,-0.048117862141,-0.00568175822934,0.0211866771243,0.0345613989767,0.022798434186,-0.049047760094,-0.153141223126
215,431,7.183333,0.0311535458272,-0.00795754587854,0.00261601326466,0.0037870527939,0.0163285255853,0.026517375267,-0.0962591854777,-0.00849594869714,-0.0160987515873,-0.013518768878,0.0360693955389,-0.0529305652715,0.0206419881772,0.0220185819258,0.0352201373567,0.0242440492329,-0.0652562568143,-0.134911328314
216,433,7.216667,0.0279557430723,-0.00822879177426,0.00209820792575,0.00334943487675,0.0174936549755,0.0246784407212,-0.095151044429,-0.00774716635597,-0.0149156749822,-0.0126874117406,0.033639585956,-0.0571133189428,0.0454644516797,0.0228296772274,0.0355999642124,0.0255255131492,-0.0800373284539,-0.115455627155
217,435,7.250000,0.0248084632324,-0.00847458900404,0.00162006479879,0.00294025667181,0.01856970439,0.0227108799704,-0.0932425576616,-0.00697171847063,-0.0137245111272,-0.0118162328794,0.0307423392085,-0.0606300941765,0.0685453088943,0.0236146863551,0.0357056136551,0.0266268033154,-0.0932313439166,-0.0950690441708
218,437,7.283333,0.0217374181124,-0.00869406321485,0.00118170239028,0.00256074456091,0.0195419771464,0.0206373924644,-0.0905954346732,-0.00617060986856,-0.0125342925336,-0.010911497051,0.0274329362866,-0.0634548273394,0.0896770049168,0.0243650829153,0.0355448904149,0.027533265627,-0.10470571625,-0.0740527737203
219,439,7.316667,0.0187661497624,-0.0088863789044,0.000782942516014,0.00221190788629,0.0203976910235,0.0184813795092,-0.0872777416817,-0.0053451786734,-0.0113537424174,-0.00997993063621,0.0237706145239,-0.0655715489631,0.108686584758,0.0250695041661,0.0351284819737,0.0282319586864,-0.114356230394,-0.0527094634939
220,441,7.350000,0.0159158377803,-0.00905075204348,0.000423322194809,0.00189452455322,0.0211260943634,0.0162666073085,-0.0833627237778,-0.00449718308734,-0.0101911821104,-0.00902865900015,0.0198176045605,-0.0669743528814,0.125436950082,0.0257142362682,0.0344697333009,0.0287119762507,-0.122107907294,-0.0313384794018
221,443,7.383333,0.0132051465338,-0.00918646531397,0.000102108501785,0.00160912889875,0.0217185496223,0.0140168736483,-0.078927594793,-0.00362887096935,-0.00905444655309,-0.00806513355594,0.0156381462916,-0.0676672097175,0.139827536288,0.0262837570907,0.0335843887717,0.0289647403053,-0.127915398137,-0.0102313298124
222,445,7.416667,0.0106501130582,-0.00929288535887,-0.000181683906002,0.00135600215255,0.0221685839344,0.0117556833203,-0.0740523141877,-0.00274303054037,-0.00795080888373,-0.00709704963253,0.0112974994862,-0.067663631284,0.151794414451,0.0267613212811,0.0324903062687,0.0289842576902,-0.131762910283,0.0103326769893
223,447,7.450000,0.00826407574388,-0.00936948139352,-0.000429272909843,0.00113516577553,0.0224719067666,0.00950593711831,-0.0688183699582,-0.00184302106881,-0.00688691496417,-0.00613225647224,0.00686096457959,-0.0669861948468,0.161309831942,0.0271295717012,0.0312071487888,0.0287673339213,-0.13366367414,0.0300904735751
224,449,7.483333,0.00605764330451,-0.00941584449794,-0.000642087038839,0.000946377913931,0.0226263952604,0.00728963890572,-0.0633075859485,-0.00093278292508,-0.00586872850089,-0.00517866088137,0.00239292870658,-0.0656659383827,0.168381214359,0.0273711610918,0.0297560591021,0.0283137387034,-0.133658967706,0.0487989102847
225,451,7.516667,0.00403870291485,-0.00943170689869,-0.000821741930737,0.000789133153062,0.0226320483433,0.00512762484957,-0.0576009710616,-1.68269319503e-05,-0.00490148723314,-0.00424412622545,-0.00204404863262,-0.0637416399141,0.173049659755,0.0274693679489,0.028159323134,0.0276263186152,-0.131816722603,0.0662380136461
226,453,7.550000,0.00221246584434,-0.00941696055509,-0.000970015518859,0.000662665695996,0.022490911163,0.0030393184485,-0.0517776266939,0.000899796534788,-0.00398967046941,-0.00333636859331,-0.00639009679124,-0.0612589956924,0.175387963768,0.0274086910728,0.0264400277607,0.0267110535275,-0.128229742021,0.0822137800001
227,455,7.583333,0.000581548388335,-0.00937167438839,-0.00108882232611,0.000565956029881,0.0222069718264,0.00104251446577,-0.0459137273176,0.00181154773481,-0.00313697806469,-0.00246285205008,-0.0105888297145,-0.058269713395,0.175498221101,0.0271754080699,0.0246217186354,0.0255770544835,-0.123013567044,0.0965604670437
228,457,7.616667,-0.00085391457192,-0.00929610953251,-0.001180187247,0.000497741077417,0.0217860328192,-0.000846805680452,-0.0400815875118,0.00271246560685,-0.00234632074599,-0.00163068495453,-0.0145880651411,-0.0548305375925,0.173509054731,0.026758084218,0.0227280634868,0.0242365019924,-0.116304033135,0.109142355555
229,459,7.650000,-0.00209612646437,-0.00919073204011,-0.00124621919267,0.000456527764724,0.0212355598245,-0.00261462510735,-0.0343488269452,0.00359625180268,-0.00161982151614,-0.000846519330451,-0.0183404576852,-0.0510022255005,0.169572529163,0.0261480195285,0.020782526074,0.0227045249374,-0.10825456312,0.119854963451
230,461,7.683333,-0.00314945981176,-0.00905622254676,-0.0012890849617,0.00044060987074,0.0205645109553,-0.00424900788541,-0.0287776428631,0.0044563684677,-0.000958827698105,-0.000116455253974,-0.0218040378258,-0.0468484914612,0.163860807935,0.025339623509,0.0188080556359,0.0209990215612,-0.0990332467149,0.128625704393
231,463,7.716667,-0.00402026462835,-0.00889348247595,-0.00131098368284,0.000448087958838,0.0197831496501,-0.00574017994974,-0.0234241975747,0.00528614720487,-0.000363933027428,0.000554047850796,-0.0249426505537,-0.0424349386899,0.156562618294,0.0243307090132,0.0168267962537,0.0191404252216,-0.0888197594125,0.135413993151
232,465,7.750000,-0.00471665836286,-0.00870363645826,-0.00131412215304,0.000476892129867,0.0189028446633,-0.00708057438596,-0.0183381263025,0.00607890640498,0.000164990939078,0.00116025122538,-0.0277262892198,-0.0378279965862,0.147879587632,0.0231226986183,0.0148598200645,0.0171514188019,-0.077802175408,0.140210809796
233,467,7.783333,-0.00524830146593,-0.00848803073472,-0.00130069136796,0.000524807278712,0.0179358606958,-0.00826484157484,-0.0135621685911,0.00682807394304,0.000628754953225,0.00169820646576,-0.0301313219737,-0.0330938813438,0.138022516693,0.0217207391365,0.0129268877232,0.0150566027681,-0.0661737300965,0.143037744176
234,469,7.816667,-0.00562616273079,-0.00824822741716,-0.00127284451183,0.000589500484867,0.0168951432729,-0.00928982525775,-0.00913192430747,0.00752731213155,0.00102880470234,0.00216481343649,-0.0321406100355,-0.0282975967315,0.127207653884,0.0201337221103,0.0110462389315,0.0128821228829,-0.0541295875663,0.143945551022
235,471,7.850000,-0.00586227855482,-0.00798599458251,-0.00123267663981,0.000668550122634,0.015794101465,-0.0101545061305,-0.00507573314739,0.00817064178673,0.00136716697556,0.00255786517591,-0.0337435188793,-0.023501990762,0.115653033238,0.0183742104025,0.00923441523554,0.0106552644796,-0.0418636674364,0.143012254186
236,473,7.883333,-0.00596951019894,-0.0077032922828,-0.00118220625046,0.000759476239343,0.0146463919864,-0.0108599150743,-0.00141467451468,0.00875256230563,0.00164639047511,0.00287607880193,-0.0349358251909,-0.0187668825572,0.103574935711,0.0164582732184,0.00750611666773,0.00840402095331,-0.0295655833628,0.14034084579
237,475,7.916667,-0.00596130298477,-0.0074022546542,-0.00112335890783,0.000859771721307,0.0134657080791,-0.0114090185846,0.00183731728751,0.00926816476557,0.00186948241975,0.00311911169397,-0.0357195241604,-0.0141482720827,0.0911845296667,0.0144052340492,0.00587409316202,0.00615664472643,-0.0174177426309,0.136056632418
238,477,7.950000,-0.00585145116995,-0.00708516840575,-0.00105795303436,0.000966933747722,0.012265576411,-0.0118065793507,0.00467322940404,0.00971323524186,0.00203984210826,0.00328756250984,-0.0361025432659,-0.00969764359125,0.078684741621,0.0122373380466,0.00434907104198,0.00394118937242,-0.0055926525045,0.130304285678
239,479,7.983333,-0.00565387198606,-0.00675444805754,-0.000987687956536,0.0010784950229,0.011059164988,-0.0120589952681,0.00709264677896,0.0100843457883,0.00216119261038,0.00338295689112,-0.036098370148,-0.00546137163001,0.0662674028193,0.0099793471881,0.00293971425968,0.00178505183202,0.00574952549908,0.123244658549
240,481,8.016667,-0.00538239201648,-0.0064126083789,-0.00091413424655,0.00119205427731,0.00985910480334,-0.0121741204278,0.00910133839449,0.0103789308324,0.00223751173174,0.00340771801039,-0.0357256034732,-0.00148023636634,0.0541107109349,0.00765807322841,0.00165261947315,-0.00028547628373,0.0164631374042,0.115051431766
241,483,8.050000,-0.00505054874094,-0.00606223454619,-0.00083872636561,0.00130530553804,0.00867732763059,-0.0121610718145,0.0107107644817,0.0105953470939,0.00227296335969,0.00336512241229,-0.0350074367858,0.00221094718974,0.0423770394164,0.00530185982734,0.000492343495748,-0.00224563943498,0.0264188843762,0.105907656039
242,485,8.083333,-0.00467140968671,-0.00570595059636,-0.000762757578529,0.00141606568928,0.0075249220185,-0.0120300255619,0.011937516754,0.0107329155369,0.00227183023932,0.00325924189194,-0.0339710862604,0.00558358369324,0.0312111197765,0.00294002635315,-0.00053853885548,-0.00407262238492,0.0355053320477,0.0960022562545
243,487,8.116667,-0.00425741121096,-0.00534638679502,-0.00068737707526,0.00152229987293,0.00641200916853,-0.0117920066577,0.0128027044325,0.0107919442951,0.00223844915524,0.00309487243207,-0.0326471739594,0.00861543552441,0.0207386146173,0.000602286678286,-0.00143934893834,-0.00574591986364,0.0436300640277,0.0855265627794
244,489,8.150000,-0.00382021850444,-0.00498614656587,-0.000613589204009,0.00162214431787,0.00534763997998,-0.0114586759578,0.0133312993023,0.0107737319661,0.00217714940718,0.00287745147826,-0.0310690786762,0.0112906463657,0.0110650915418,-0.00168184321962,-0.00221119330655,-0.00724766427377,0.0507204687924,0.0746709328659
245,491,8.183333,-0.00337060795999,-0.00462777364033,-0.000542254692474,0.00171392623325,0.00433971413953,-0.0110421182717,0.0135514532456,0.0106805511332,0.00209219536783,0.00261296506568,-0.0292722666905,0.01359965431,0.00227540046409,-0.00388363486591,-0.00285683071263,-0.00856290487533,0.0567241559936,0.0636215217606
246,493,8.216667,-0.0029183726006,-0.00427372008372,-0.00047409370927,0.001796180455,0.00339492171971,-0.0105546351134,0.0134938016603,0.0105156124409,0.00198773380192,0.00230784651325,-0.0272936147798,0.0155390004335,-0.00556655066176,-0.00597572027624,-0.00338052048389,-0.00967983285724,0.0616090050195,0.052557258719
247,495,8.250000,-0.00247225081813,-0.00392631583522,-0.000409690596823,0.00186766259509,0.0025187073412,-0.0100085454841,0.0131907658813,0.0102830100025,0.00186774650939,0.00196886857062,-0.0251707376257,0.0171110405229,-0.0124176338792,-0.00793263497103,-0.00378785584133,-0.0105899477961,0.0653628552743,0.0416470777169
248,497,8.283333,-0.00203987824395,-0.00358774036606,-0.000349500090267,0.00192735850828,0.00171525655526,-0.00941599777038,0.0126758672032,0.00998764935413,0.00173600873422,0.00160303103342,-0.022941331332,0.0183235692057,-0.0182549720098,-0.00973131845236,-0.00408558583527,-0.011288162196,0.0679928539979,0.0310474463913
249,499,8.316667,-0.00162776216385,-0.00325999701256,-0.000293854824181,0.00197448996002,0.000987503721065,-0.0087887955088,0.0119830643603,0.00963515956965,0.00159605365717,0.00121744593194,-0.0206425441402,0.0191893670718,-0.02307506741,-0.0113515606567,-0.00428142960145,-0.0117728420737,0.069524483396,0.0209002297694
250,501,8.350000,-0.0012412775087,-0.00294489048112,-0.000242973920418,0.0020085164503,0.000337160296157,-0.00813823939625,0.0111461253859,0.00923179151411,0.00145114316736,0.000819222444261,-0.0183103846102,0.0197256824716,-0.0268926195451,-0.012776384239,-0.00438388659953,-0.0120457828682,0.0700002942978,0.0113309177985
251,503,8.383333,-0.00088468310623,-0.00264400795017,-0.000196972445816,0.00202913322022,-0.000235237869008,-0.00747498751961,0.0101980436547,0.00878430452622,0.00130424498736,0.000415353686617,-0.0159791765425,0.0199536605096,-0.0297390670972,-0.0139923541177,-0.00440204638517,-0.0121121212982,0.069478378401,0.00244723773535
252,505,8.416667,-0.000561156572022,-0.00235870411385,-0.000155871528043,0.00203626553948,-0.000730265932057,-0.0068089353508,0.00917050665381,0.00829984407673,0.00115801611022,1.2607490854e-05,-0.0136810687763,0.0198977323241,-0.031660894374,-0.0149898074815,-0.00434540129294,-0.011980185117,0.0680306153194,-0.0056618357461
253,507,8.450000,-0.000272845955913,-0.00209009042324,-0.000119608921024,0.00203005944178,-0.00114953010587,-0.00614911661028,0.00809342464185,0.00778581314579,0.00101479239817,-0.000382576808333,-0.0114456067289,0.019584978029,-0.0327177449582,-0.0157629993784,-0.00422366517489,-0.0116612840146,0.0657407340491,-0.0129266681428
254,509,8.483333,-2.09360449214e-05,-0.00183902868709,-8.80498181535e-05,0.00201086914106,-0.00149557450909,-0.00550362565427,0.00699452488306,0.00724974019089,0.000876584092104,-0.000764183682717,-0.00929937117501,0.0190444767148,-0.0329803877888,-0.016310161043,-0.00404660105667,-0.0111694461454,0.0627022310505,-0.0192971540038
255,511,8.516667,0.000194272940404,-0.00160612909727,-6.09977213986e-05,0.00197924142159,-0.0017717771369,-0.00487956159752,0.00589901560971,0.00669914663766,0.000745076890745,-0.00112670709172,-0.00726568832318,0.0183066566495,-0.0325285821591,-0.0166334702075,-0.00382386024669,-0.0105211059005,0.0590161888802,-0.0247425186255
256,513,8.550000,0.000373276631998,-0.00139175264571,-3.82051871162e-05,0.00193589734947,-0.00198223737964,-0.00428299395217,0.00482932230573,0.00614141681537,0.000621638179909,-0.00146522501581,-0.00536441376385,0.01740265831,-0.0314488884617,-0.0167389347451,-0.00356483507272,-0.00973474956874,0.0547890401564,-0.0292507515908
257,515,8.583333,0.000517270219012,-0.00119601780353,-1.93842845935e-05,0.00188171169984,-0.0021316575781,-0.00371894915366,0.00380489734832,0.00558367317967,0.000507327925755,-0.00177546155947,-0.00361179136502,0.0163637221202,-0.0298324709052,-0.0166361930623,-0.00327852703337,-0.00883052641223,0.0501303216199,-0.0328276981291
258,517,8.616667,0.000628047016675,-0.00101881124038,-4.21662044216e-06,0.00181769053264,-0.00222522111494,-0.00319141696379,0.00284210252373,0.00503265951748,0.000402913693178,-0.00205383560488,-0.00202038671093,0.0152206118009,-0.0277729369135,-0.0163382366326,-0.00297343174831,-0.00782983340744,0.0451504621491,-0.0354958405211
259,519,8.650000,0.000707894304051,-0.000859802275275,7.63719932047e-06,0.00174494737894,-0.00226846950456,-0.00270337539575,0.00195416247795,0.00449463461769,0.000308889211042,-0.00229749528277,-0.000599093240688,0.0140030830641,-0.0253642555388,-0.0158610619116,-0.00265744168003,-0.00675488245119,0.0399586468479,-0.037292807209
260,521,8.683333,0.000759488747644,-0.000718460671681,1.65287778984e-05,0.00166467851968,-0.00226718085878,-0.00225683250317,0.00115118580063,0.00397527862127,0.000225495880345,-0.00250433782698,0.000646792121955,0.0127394060512,-0.0226987940409,-0.0152232605385,-0.00233776719043,-0.00562825918673,0.0346607967809,-0.0382696517834
261,523,8.716667,0.000785793596445,-0.00059407732105,2.28138950464e-05,0.00157813784753,-0.00222725197719,-0.00185288311861,0.000440249196402,0.00347961394209,0.000152746609305,-0.00267301468834,0.00171542832501,0.0114559484441,-0.0198655078876,-0.0144455581817,-0.002020876097,-0.0044724827645,0.0293577006486,-0.0384889475429
262,525,8.750000,0.000789959663403,-0.000485787301691,2.68453005052e-05,0.00148661180205,-0.00215458614207,-0.00149177842189,-0.00017446090547,0.00301194228335,9.04513602598e-05,-0.00280292209416,0.00260823015573,0.0101768246088,-0.016948314915,-0.0135503135793,-0.00171245151259,-0.00330957580517,0.0241433307455,-0.0380227457796
263,527,8.783333,0.000775231903433,-0.000392594755686,2.89663805972e-05,0.00139139485649,-0.00205498849267,-0.00117300606664,-0.000691455895584,0.00257579887255,3.82438064667e-05,-0.00289417754557,0.00332961544979,0.00892361449616,-0.0140246793435,-0.0125609902432,-0.00141736739965,-0.00216065358217,0.0191033710118,-0.0369504473171
264,529,8.816667,0.00074486316468,-0.000313398996113,2.95057253185e-05,0.00129376601364,-0.00193407061766,-0.000895378496833,-0.0011117090438,0.00217392461079,-4.39147862789e-06,-0.00294758303887,0.00388670701896,0.00771515436553,-0.0111644259078,-0.0115016139035,-0.00113968094815,-0.00104554098822,0.0143139799785,-0.0353566370931
265,531,8.850000,0.0007020364337,-0.000247021240958,2.87726045332e-05,0.00119496673685,-0.00179716574336,-0.000657127043855,-0.00143838401559,0.00180825638964,-3.80918425401e-05,-0.00296457607286,0.00428899744619,0.00656739974227,-0.00842879863395,-0.0103962290561,-0.000882640605012,1.75747941183e-05,0.0098408060135,-0.0333289307482
266,533,8.883333,0.000649796623069,-0.000192231369108,2.70533444499e-05,0.00109618070282,-0.00164925561429,-0.000455999407747,-0.0016765361748,0.00147993538267,-6.35898849414e-05,-0.00294716975524,0.00454798538416,0.00549335941714,-0.00586977291945,-0.00926836793847,-0.000648708343559,0.00101244882259,0.00573826661964,-0.0309558802978
267,535,8.916667,0.000590992668063,-0.000147774107621,2.46085797039e-05,0.000998515715164,-0.00149490986913,-0.000289358191967,-0.00183279519268,0.00118933267882,-8.16877480574e-05,-0.00289788354212,0.00467679228968,0.00450309776717,-0.00352962366491,-0.00814054488158,-0.00043959456986,0.0019250340185,0.00204909773888,-0.0283249830712
268,537,8.950000,0.00052823041416,-0.000112394087711,2.16713422917e-05,0.00090298806309,-0.00133823841439,-0.00015427827573,-0.00191503747726,0.000936091203532,-9.32327593847e-05,-0.00281966632984,0.00468976862706,0.00360380126412,-0.0014407463997,-0.0070337882941,-0.000256303919913,0.00274368290554,-0.00119582681512,-0.0255208342925
269,539,8.983333,0.000463836495571,-8.4859248746e-05,1.84459364747e-05,0.000810509549957,-0.00118285699771,-4.76409676875e-05,-0.00193205674115,0.000719182479982,-9.9094759846e-05,-0.0027158137643,0.004602098482,0.00279990376432,0.0003742772421,-0.00596722152792,-9.91901086386e-05,0.00345929173453,-0.00397741140368,-0.0226234590338
270,541,9.016667,0.000399833133115,-6.39821239019e-05,1.51075386783e-05,0.000721877351999,-0.00103186588813,3.37769157765e-05,-0.00189324064855,0.000536976428187,-0.000100145388244,-0.00258988173507,0.00442941124725,0.00209326406758,0.00190238358435,-0.00495770258482,3.19820515088e-05,0.00406538460325,-0.00628800121974,-0.0197068539255
271,543,9.050000,0.000337923523241,-4.86386066206e-05,1.18024534233e-05,0.00063776680098,-0.000887841288914,9.32206711296e-05,-0.00180826093695,0.000387322092212,-9.72395299845e-05,-0.00244559807842,0.00418740858174,0.00148338831629,0.00313951919704,-0.00401953107636,0.000137969339621,0.00455813658053,-0.00813080788245,-0.016837763075
272,545,9.083333,0.00027948725433,-3.77838717782e-05,8.6489504179e-06,0.000558727116586,-0.000752838844351,0.000133883390084,-0.00168678371258,0.000267636933868,-9.11990760641e-05,-0.00228677452234,0.00389151421883,0.000967689094614,0.00408994434865,-0.00316422908147,0.000219979350088,0.00493633627338,-0.00951911906553,-0.0140747062802
273,547,9.116667,0.000225584976228,-3.04652077072e-05,5.73860406949e-06,0.000485180046985,-0.000628408361926,0.000158840786116,-0.00153820579026,0.000175002141468,-8.27990787643e-05,-0.00211722086849,0.00355655342264,0.00054177259423,0.00476537418248,-0.00240040059964,0.00027959798607,0.00520128970225,-0.0104753174966,-0.0114672709686
274,549,9.150000,0.000176971368292,-2.58316026285e-05,3.13805473366e-06,0.000417421310711,-0.000515618658813,0.000170995954047,-0.00137142201099,0.000106261279775,-7.27563345914e-05,-0.00194066332002,0.00319646798287,0.000199744944659,0.00518398709533,-0.00173367221942,0.000318716828904,0.00535666874021,-0.0110297382956,-0.00905567251033
275,551,9.183333,0.000134115303432,-2.31400193915e-05,8.91110863919e-07,0.000355624671325,-0.00041509126183,0.000173034553051,-0.00119462744782,5.81195556577e-05,-6.17203739849e-05,-0.0017606687334,0.00282407162028,-6.54712360965e-05,0.00536933195992,-0.00116671546218,0.000339461829653,0.00540830869223,-0.0112193965668,-0.00687058080208
276,553,9.216667,9.72259929565e-05,-2.17583832718e-05,-9.78887316421e-07,0.000299848419727,-0.00032704154551,0.00016739060722,-0.00101515732916,2.72409952017e-05,-5.02667920506e-05,-0.00158057639896,0.00245084957026,-0.000261818834278,0.00534916720036,-0.000699349073966,0.000344124583858,0.00536396081139,-0.0110866193668,-0.00493320445501
277,555,9.250000,6.62838211058e-05,-2.11653965021e-05,-2.4665191387e-06,0.00025004398887,-0.000251325786483,0.000156222831231,-0.000839366395015,1.03409218264e-05,-3.88928158235e-05,-0.00140343874254,0.0020868049468,-0.000397795145752,0.00515426528412,-0.00032871737803,0.000335097247323,0.00523300663657,-0.0106776175905,-0.00325561769919
278,557,9.283333,4.10745396115e-05,-2.0947377813e-05,-3.58162228872e-06,0.000206066383118,-0.000187492545425,0.000141401118579,-0.000672548282967,4.27128980124e-06,-2.80149718044e-05,-0.00123197209484,0.00174035328987,-0.00048215546902,0.00481721593227,-4.95387236076e-05,0.000314811936268,0.00502614196565,-0.0100410339362,-0.001841309384
279,559,9.316667,2.12254910504e-05,-2.07924032258e-05,-4.34658658209e-06,0.000167686070759,-0.000134836761177,0.000124502582738,-0.000518894444444,6.09665951696e-06,-1.79686930036e-05,-0.00106851840145,0.00141826549289,-0.000523638385058,0.00437126028828,0.000145583874159,0.000285685236754,0.00475503902316,-0.00922650290476,-0.000685928342226
280,561,9.350000,6.24256413613e-06,-2.04820935069e-05,-4.79366453922e-06,0.00013460196387,-9.24549549042e-05,0.000106816323096,-0.000381491043782,1.31588946553e-05,-9.00968746861e-06,-0.000915018450598,0.00112565812113,-0.000530718788881,0.0038491864594,0.000265799559229,0.000250068233079,0.00443199592095,-0.00828325777816,0.000221804984768
281,563,9.383333,-4.45334773852e-06,-1.98814521224e-05,-4.96235445074e-06,0.000106455095629,-5.92999944398e-05,8.93559024995e-05,-0.000262351317541,2.31290097956e-05,-1.3168800614e-06,-0.000772996886526,0.000866028993072,-0.000511393671205,0.00328231430434,0.000321605094414,0.00021020225955,0.00406958282855,-0.00725881773267,0.000899054291693
282,565,9.416667,-1.14915141971e-05,-1.89272035293e-05,-4.89690526087e-06,8.28426015111e-05,-3.42339579956e-05,7.28783756074e-05,-0.0001624799924,3.40449913603e-05,5.00326437282e-06,-0.000643558959514,0.000641334829703,-0.000473004479629,0.00269959415431,0.000324411358014,0.000168180391234,0.00368029435358,-0.00619778570784,0.00136772675707
283,567,9.450000,-1.55191646315e-05,-1.7615113845e-05,-4.643986214e-06,6.3331617683e-05,-1.60777596412e-05,5.79085999544e-05,-8.19655968645e-05,4.43348450776e-05,9.91122596759e-06,-0.000527398648473,0.000452106806369,-0.00042209864909,0.00212684040305,0.000286094192858,0.000125914522574,0.00327621747556,-0.00514078444324,0.00165327384464
284,569,9.483333,-1.71727668687e-05,-1.59867933286e-05,-4.25055799315e-06,4.74727272468e-05,-3.65635260584e-06,4.47674964032e-05,-2.00958723046e-05,5.282457815e-05,1.34279049955e-05,-0.000424817486035,0.00029759898861,-0.000364331614814,0.00158611667969,0.000218543486972,8.5107743133e-05,0.0028687239772,-0.00412355427624,0.00178347200333
285,571,9.516667,-1.70534720495e-05,-1.41164820602e-05,-3.76197618384e-06,3.48126122172e-05,4.16149359853e-06,3.3602903217e-05,2.45089934992e-05,5.87312919856e-05,1.5627257683e-05,-0.000335753127428,0.000175963916772,-0.000304409341807,0.00109528473152,0.000133224556332,4.72316112174e-05,0.00246819567976,-0.00317623195701,0.00178722126905
286,573,9.550000,-1.57072279563e-05,-1.20983065093e-05,-3.22035244331e-06,2.49056056085e-05,8.42964488245e-06,2.44216878017e-05,5.37509117912e-05,6.1642028972e-05,1.66282484619e-05,-0.0002598164409,8.44490396474e-05,-0.000246070157692,0.000667724304931,4.07657048743e-05,1.35078515092e-05,0.00208378992329,-0.00232282497729,0.00169339830707
287,575,9.583333,-1.36098728592e-05,-1.00344655521e-05,-2.66319382697e-06,1.73238827774e-05,1.00978682646e-05,1.71218406354e-05,6.99019793093e-05,6.14794713459e-05,1.65862578702e-05,-0.000196335666462,1.96072973735e-05,-0.000192103493987,0.000312226341763,-4.94147496621e-05,-1.51060359415e-05,0.00172325165407,-0.00158089083743,0.00152979798142
288,577,9.616667,-1.11573291961e-05,-8.02476059558e-06,-2.12233636348e-06,1.16660830032e-05,9.9922687134e-06,1.15233742752e-05,7.54518618929e-05,5.8456018718e-05,1.56840680536e-05,-0.000144405997991,-2.24850732807e-05,-0.000144402056672,3.30568266277e-05,-0.000129429668612,-3.79277706376e-05,0.00139277721141,-0.000961425404563,0.00132219416146
289,579,9.650000,-8.6608266072e-06,-6.15782685739e-06,-1.62318518078e-06,7.56420979556e-06,8.80302171729e-06,7.39698287393e-06,7.29600606211e-05,5.3018160564e-05,1.4122531067e-05,-0.000102942797277,-4.60104874648e-05,-0.000104042989772,-0.000169816247691,-0.000193181533426,-5.45583728208e-05,0.00109693346984,-0.000468959164846,0.00109354625716
290,581,9.683333,-6.34690243243e-06,-4.50435305769e-06,-1.18427023109e-06,4.68871997809e-06,7.07929488351e-06,4.48957963323e-06,6.49183161452e-05,4.57833989644e-05,1.21110100895e-05,-7.07365524001e-05,-5.51985620501e-05,-7.1392791933e-05,-0.000300344965444,-0.000236548856551,-6.48877469038e-05,0.000838634421995,-0.000101854866889,0.000863373022605
291,583,9.716667,-4.36175989138e-06,-3.11249665913e-06,-8.17123869105e-07,2.7517754834e-06,5.23102782898e-06,2.54601558406e-06,5.36279278916e-05,3.7472254001e-05,9.85767131205e-06,-4.65076508815e-05,-5.41278105092e-05,-4.62301181409e-05,-0.000365889079341,-0.000257493289357,-6.90980865268e-05,0.000619175617007,0.000147205087166,0.000647309604678
292,585,9.750000,-2.77941458943e-06,-2.00561359742e-06,-5.26484097826e-07,1.50869612856e-06,3.53702854228e-06,1.3264868051e-06,4.10961500076e-05,2.88380897437e-05,7.55969556941e-06,-2.89590529883e-05,-4.65465559272e-05,-2.78801648436e-05,-0.000376589394653,-0.000256082430113,-6.76652982233e-05,0.000438325137291,0.000290558001684,0.000456857785111
293,587,9.783333,-1.61293297481e-06,-1.1823276956e-06,-3.10825074365e-07,7.57714509536e-07,2.15865166867e-06,6.19351979767e-07,2.89550922066e-05,2.05976244865e-05,5.39347454904e-06,-1.6825023802e-05,-3.57185086593e-05,-1.53541097894e-05,-0.000344650509524,-0.000234425829719,-6.13584979622e-05,0.000294468045097,0.000344747954091,0.000299333023793
294,589,9.816667,-8.27965565937e-07,-6.18868433652e-07,-1.63214304861e-07,3.3819360089e-07,1.15815475698e-06,2.49300986806e-07,1.84057209703e-05,1.3365028479e-05,3.5048571798e-06,-8.9142140876e-06,-2.42976879454e-05,-7.48706552396e-06,-0.000283559113647,-0.000196524347693,-5.12374782281e-05,0.000184799502117,0.000329585475526,0.0001780054261
295,591,9.850000,-3.57706106607e-07,-2.73509401234e-07,-7.2493680142e-08,1.27521754931e-07,5.20686806356e-07,8.10308100601e-08,1.01886474323e-05,7.59246156944e-06,1.99951794089e-06,-4.14556813139e-06,-1.4236477403e-05,-3.0682096814e-06,-0.000207265977322,-0.00014803576085,-3.86478799744e-05,0.00010556010533,0.000267108105338,9.24252998043e-05
296,593,9.883333,-1.1836743648e-07,-9.28466562408e-08,-2.47789298733e-08,3.69467139021e-08,1.78753190931e-07,1.87902562044e-08,4.58242729643e-06,3.51975990557e-06,9.33530423829e-07,-1.57577850701e-06,-6.7296141845e-06,-9.57172087195e-07,-0.000129360930228,-9.59623021095e-05,-2.52136415264e-05,5.23054346575e-05,0.000180472748673,3.89177131699e-05
297,595,9.916667,-2.42570832711e-08,-1.95694311668e-08,-5.26902301518e-09,6.64825969228e-09,3.79251911142e-08,2.3428289951e-09,1.42911145736e-06,1.13574551816e-06,3.04246360997e-07,-4.17298714945e-07,-2.19584469427e-06,-1.81378571806e-07,-6.22704981051e-05,-4.82685335642e-05,-1.28261434428e-05,2.02004166137e-05,9.2812684632e-05,1.12245888853e-05
298,597,9.950000,-1.56080126202e-09,-1.29820651225e-09,-3.53346309959e-10,3.76679863569e-10,2.52305591242e-09,6.10890457997e-11,1.85800578944e-07,1.53308101385e-07,4.16020565708e-08,-4.62588876102e-08,-2.97862110531e-07,-9.85885245514e-09,-1.65074188733e-05,-1.34405608904e-05,-3.62933274755e-06,4.32791461673e-06,2.60931874494e-05,1.26753677592e-06
299,599,9.983333,0,0,0,0,0,0,0,0,0,0,0,0,0,0,0,0,0,0
